BookingID,CustomerID,DestinationID,HotelID,TransportID,BookingDate,TravelDate,Travellers,Nights,BookingChannel,BookingStatus,PaymentMethod,HotelAmount,TransportAmount,ActivityAmount,Discount,TotalAmount
B000001,C0031,D010,H008,T002,2026-02-11,2026-02-28,4,9,Corporate,Completed,UPI,249048,20296,3160,52101.90746645646,220402.09
B000002,C0053,D004,H016,T009,2025-04-08,2025-04-24,2,4,Agent,Confirmed,Card,26640,30844,7426,1696.3645475609117,63213.64
B000003,C0099,D013,H024,T001,2025-07-20,2025-09-30,2,3,Corporate,Confirmed,UPI,34218,34708,17708,15315.392066342838,71318.61
B000004,C0075,D005,H006,T001,2025-11-23,2026-02-05,3,3,Website,Confirmed,UPI,91845,83715,13329,26625.67777513938,162263.32
B000005,C0022,D010,H011,T006,2026-01-28,2026-03-18,3,6,Website,Completed,NetBanking,130248,65376,18066,29598.353418941857,184091.65
B000006,C0060,D014,H024,T006,2026-04-22,2026-04-26,1,1,Corporate,Cancelled,Wallet,5703,6481,1916,1055.528529941772,13044.47
B000007,C0062,D019,H014,T003,2025-01-25,2025-04-20,3,5,Agent,Confirmed,NetBanking,117795,102876,18624,16459.102326755656,222835.9
B000008,C0066,D006,H029,T003,2025-04-18,2025-05-24,1,1,Website,Confirmed,Wallet,16248,16908,8800,47.32204504270441,41908.68
B000009,C0003,D006,H001,T001,2025-06-02,2025-08-25,3,1,Corporate,Confirmed,NetBanking,46497,101439,21237,33232.50905140345,135940.49
B000010,C0030,D015,H022,T007,2025-06-19,2025-09-05,5,4,Website,Confirmed,UPI,339520,173285,34505,66389.34142321866,480920.66
B000011,C0086,D001,H025,T004,2026-06-28,2026-09-12,3,7,Agent,Confirmed,Card,48636,9693,33051,7352.9579308336615,84027.04
B000012,C0025,D012,H028,T002,2026-02-28,2026-05-01,4,8,Website,Confirmed,Wallet,488448,73792,12768,62534.284547715564,512473.72
B000013,C0030,D015,H005,T004,2025-06-24,2025-08-24,2,1,Website,Confirmed,UPI,7356,31276,7886,377.0473144179875,46140.95
B000014,C0033,D012,H030,T010,2026-06-14,2026-08-01,5,3,Corporate,Confirmed,UPI,64245,90965,38320,6721.3338755193345,186808.67
B000015,C0018,D008,H012,T003,2025-09-30,2025-10-04,5,4,Corporate,Confirmed,Wallet,250360,59410,30110,42373.51425931225,297506.49
B000016,C0016,D017,H011,T009,2025-09-30,2025-11-05,5,6,Website,Completed,UPI,217080,101095,58805,38773.27737122622,338206.72
B000017,C0035,D008,H011,T003,2025-08-25,2025-10-30,4,9,Website,Confirmed,Wallet,260496,71952,4744,53079.06673852289,284112.93
B000018,C0088,D015,H020,T002,2025-03-20,2025-06-01,4,7,Agent,Completed,Wallet,169428,30924,7628,27401.06095176424,180578.94
B000019,C0001,D010,H020,T003,2026-05-25,2026-07-15,3,5,Website,Completed,NetBanking,90765,33495,13296,16546.217169004118,121009.78
B000020,C0029,D001,H015,T004,2025-01-08,2025-03-13,5,1,Agent,Completed,NetBanking,80785,32145,28860,23119.304842690082,118670.7
B000021,C0007,D011,H003,T002,2025-04-05,2025-04-08,5,1,Corporate,Confirmed,UPI,27095,148800,53700,3134.573543837725,226460.43
B000022,C0057,D001,H030,T006,2025-05-06,2025-06-18,3,2,Corporate,Confirmed,Card,25698,72573,18546,16141.46457974269,100675.54
B000023,C0026,D019,H007,T004,2025-06-02,2025-07-18,1,6,Website,Completed,Wallet,56436,14482,5527,10940.666415475758,65504.33
B000024,C0080,D013,H003,T008,2025-03-13,2025-06-01,1,3,Website,Confirmed,Wallet,16257,14758,2418,1839.9085912903618,31593.09
B000025,C0059,D008,H018,T005,2025-01-10,2025-02-08,2,3,Agent,Confirmed,Card,83382,8298,10986,4017.313115922967,98648.69
B000026,C0079,D010,H013,T005,2026-01-05,2026-01-27,1,7,Website,Confirmed,Wallet,59115,11211,6613,3290.7191218218245,73648.28
B000027,C0064,D013,H019,T005,2026-06-13,2026-07-16,2,8,Agent,Confirmed,Wallet,127280,64936,14426,8188.84486026283,198453.16
B000028,C0044,D006,H027,T002,2025-03-08,2025-03-24,1,4,Mobile App,Confirmed,UPI,11580,2551,7468,2262.634308265348,19336.37
B000029,C0087,D006,H003,T008,2025-06-11,2025-08-01,5,8,Agent,Completed,NetBanking,216760,31975,27200,7484.809245345976,268450.19
B000030,C0048,D009,H009,T002,2025-10-03,2025-11-30,1,7,Website,Confirmed,NetBanking,15106,29842,2309,6231.1743906188485,41025.83
B000031,C0095,D006,H016,T008,2026-05-21,2026-08-01,4,7,Corporate,Confirmed,NetBanking,93240,75720,9024,3740.44976814756,174243.55
B000032,C0100,D016,H024,T010,2026-01-14,2026-04-11,2,8,Agent,Completed,Wallet,91248,5166,4558,543.0201522814378,100428.98
B000033,C0059,D003,H019,T008,2026-02-22,2026-03-02,1,2,Website,Confirmed,Wallet,15910,17907,7613,2645.638948906488,38784.36
B000034,C0068,D017,H012,T005,2025-11-13,2025-12-06,4,7,Mobile App,Completed,NetBanking,350504,106496,41392,19124.27028615156,479267.73
B000035,C0026,D007,H019,T004,2025-08-16,2025-09-13,5,9,Website,Confirmed,Card,357975,65295,53275,94228.39183907954,382316.61
B000036,C0082,D012,H030,T009,2025-04-19,2025-05-12,4,9,Mobile App,Confirmed,Wallet,154188,57184,16320,13797.966736027092,213894.03
B000037,C0068,D004,H015,T003,2026-04-17,2026-06-30,5,6,Mobile App,Completed,Wallet,484710,113245,7075,26871.08679360332,578158.91
B000038,C0091,D008,H027,T005,2026-03-15,2026-03-29,3,7,Website,Confirmed,NetBanking,60795,64668,23244,5852.210028619541,142854.79
B000039,C0027,D016,H024,T008,2025-01-14,2025-01-18,4,8,Agent,Confirmed,NetBanking,182496,126988,3764,23421.73494477675,289826.27
B000040,C0079,D006,H010,T010,2026-01-25,2026-04-12,1,8,Agent,Completed,UPI,114448,9797,7707,15988.594687358473,115963.41
B000041,C0048,D003,H008,T010,2025-02-15,2025-05-12,5,9,Website,Completed,Card,311310,53740,24525,60925.266105231094,328649.73
B000042,C0019,D011,H024,T001,2026-02-07,2026-02-28,4,8,Website,Completed,UPI,182496,26820,40600,18222.687506191338,231693.31
B000043,C0018,D004,H007,T009,2026-03-27,2026-04-27,2,4,Website,Confirmed,NetBanking,75248,47548,15382,17299.08361607051,120878.92
B000044,C0057,D007,H011,T002,2025-03-13,2025-04-28,2,7,Agent,Confirmed,Wallet,101304,38736,18016,15238.491856489374,142817.51
B000045,C0032,D010,H008,T006,2025-08-25,2025-10-12,4,4,Mobile App,Completed,UPI,110688,52488,20660,31123.263694767953,152712.74
B000046,C0011,D012,H019,T010,2025-03-09,2025-06-06,1,8,Website,Confirmed,Wallet,63640,24803,10166,11222.528120763229,87386.47
B000047,C0043,D013,H009,T007,2025-11-06,2025-12-13,5,8,Website,Confirmed,UPI,86320,70595,32690,10992.982089327357,178612.02
B000048,C0066,D014,H020,T010,2026-05-21,2026-05-24,2,9,Corporate,Completed,UPI,108918,16098,15378,19755.88587685681,120638.11
B000049,C0032,D017,H029,T004,2025-02-14,2025-03-25,1,6,Mobile App,Confirmed,Wallet,97488,19584,4647,19963.485883534206,101755.51
B000050,C0096,D002,H025,T004,2025-08-05,2025-09-24,2,5,Agent,Confirmed,UPI,23160,32236,11336,6211.957181434584,60520.04
B000051,C0078,D008,H029,T004,2026-06-15,2026-08-01,5,2,Mobile App,Confirmed,NetBanking,162480,75400,50805,56997.806981348454,231687.19
B000052,C0052,D001,H001,T004,2025-06-14,2025-07-31,2,6,Website,Confirmed,Wallet,185988,32790,10052,40232.74777306965,188597.25
B000053,C0094,D001,H014,T007,2025-03-14,2025-06-05,3,6,Mobile App,Completed,Card,141354,96375,2235,9452.406070322,230511.59
B000054,C0044,D005,H007,T005,2025-09-24,2025-12-06,5,5,Website,Completed,UPI,235150,43675,24290,47695.50123772758,255419.5
B000055,C0014,D012,H028,T008,2025-10-05,2025-10-29,1,7,Agent,Confirmed,Card,106848,10739,5007,14734.603369963044,107859.4
B000056,C0004,D018,H022,T005,2025-12-28,2026-01-30,4,8,Mobile App,Confirmed,UPI,543232,81716,21244,69118.15643060805,577073.84
B000057,C0094,D016,H010,T004,2025-06-20,2025-08-19,2,2,Mobile App,Confirmed,NetBanking,57224,6128,2624,6781.522437634721,59194.48
B000058,C0096,D013,H017,T002,2026-06-05,2026-07-13,4,4,Website,Confirmed,Wallet,219728,25552,7948,43221.51937290179,210006.48
B000059,C0074,D016,H019,T006,2025-10-11,2025-11-19,1,7,Corporate,Confirmed,Wallet,55685,20472,4226,9820.757478085181,70562.24
B000060,C0011,D004,H015,T009,2025-06-06,2025-06-22,1,8,Website,Completed,Wallet,129256,18576,5375,16476.064170425478,136730.94
B000061,C0030,D017,H015,T009,2026-06-08,2026-07-02,4,8,Agent,Confirmed,Wallet,517024,93476,3332,5998.354857021357,607833.65
B000062,C0005,D018,H002,T003,2026-05-20,2026-07-26,5,8,Corporate,Confirmed,Wallet,649200,26495,24890,62814.853201959784,637770.15
B000063,C0006,D002,H014,T005,2025-09-30,2025-12-15,5,8,Agent,Cancelled,Wallet,314120,150520,20905,88179.00804867722,397365.99
B000064,C0025,D010,H011,T008,2025-01-14,2025-03-26,4,9,Agent,Confirmed,NetBanking,260496,71060,3588,47706.8588838946,287437.14
B000065,C0058,D017,H025,T007,2025-11-22,2025-12-21,3,6,Corporate,Cancelled,Wallet,41688,20079,10137,732.7589676299312,71171.24
B000066,C0007,D010,H026,T001,2025-10-30,2025-11-13,1,3,Website,Confirmed,Card,11364,11938,3664,4767.547176097001,22198.45
B000067,C0099,D017,H023,T006,2025-03-22,2025-04-07,2,6,Corporate,Confirmed,Card,205836,18238,4300,37757.86000295267,190616.14
B000068,C0046,D019,H001,T001,2025-12-12,2026-01-17,4,7,Agent,Completed,Wallet,433972,66600,36584,58730.940869968275,478425.06
B000069,C0027,D010,H026,T002,2026-04-04,2026-05-21,2,1,Mobile App,Confirmed,Card,7576,34448,2664,200.25108561315898,44487.75
B000070,C0052,D002,H012,T007,2025-02-27,2025-05-18,3,7,Mobile App,Confirmed,Card,262878,48090,21438,37390.99592242871,295015.0
B000071,C0080,D007,H013,T002,2026-01-30,2026-04-21,1,5,Agent,Confirmed,UPI,42225,16943,8151,734.9760503994158,66584.02
B000072,C0032,D005,H029,T004,2025-03-18,2025-03-20,3,9,Corporate,Completed,Card,438696,95745,29310,36122.791774917845,527628.21
B000073,C0005,D010,H027,T006,2026-02-13,2026-04-18,2,2,Agent,Completed,NetBanking,11580,67262,13548,11620.99193808481,80769.01
B000074,C0006,D012,H002,T007,2025-08-17,2025-09-14,1,9,Website,Confirmed,Wallet,146070,17912,6740,31170.86950130652,139551.13
B000075,C0086,D010,H011,T005,2025-01-04,2025-01-23,1,5,Mobile App,Completed,UPI,36180,33761,9249,5666.767302915624,73523.23
B000076,C0012,D004,H023,T001,2026-06-11,2026-07-31,3,6,Agent,Completed,NetBanking,308754,86757,30963,73355.55655628759,353118.44
B000077,C0064,D007,H017,T008,2025-04-01,2025-04-05,2,6,Mobile App,Confirmed,Wallet,164796,57936,5850,41984.15929587417,186597.84
B000078,C0039,D014,H008,T010,2025-11-21,2025-12-22,1,6,Corporate,Confirmed,Wallet,41508,9059,9654,253.45670500398504,59967.54
B000079,C0078,D001,H016,T009,2025-04-09,2025-05-29,3,9,Agent,Confirmed,Wallet,89910,48561,17451,7466.413463610044,148455.59
B000080,C0007,D005,H026,T008,2026-05-24,2026-06-18,1,2,Website,Confirmed,UPI,7576,13294,1630,3194.3803465237443,19305.62
B000081,C0090,D018,H007,T005,2026-02-07,2026-04-02,1,7,Agent,Confirmed,Card,65842,4731,7542,11824.158862031787,66290.84
B000082,C0070,D002,H023,T009,2026-03-15,2026-04-26,1,9,Website,Confirmed,Wallet,154377,4015,11735,13352.140295375353,156774.86
B000083,C0045,D009,H023,T005,2025-08-24,2025-11-04,3,2,Mobile App,Confirmed,Wallet,102918,67053,6354,23160.451419434732,153164.55
B000084,C0021,D005,H027,T002,2025-09-12,2025-09-29,5,3,Mobile App,Confirmed,NetBanking,43425,77975,3345,15272.745344565416,109472.25
B000085,C0098,D003,H009,T009,2025-12-12,2025-12-19,2,5,Corporate,Completed,Wallet,21580,58322,22078,15088.45011681522,86891.55
B000086,C0031,D009,H007,T004,2026-03-04,2026-04-21,2,7,Corporate,Confirmed,NetBanking,131684,47802,14726,27914.418113847118,166297.58
B000087,C0050,D011,H017,T010,2026-04-07,2026-05-01,2,9,Mobile App,Cancelled,UPI,247194,8706,6038,4498.565016799855,257439.43
B000088,C0040,D004,H016,T004,2025-01-10,2025-03-15,2,8,Agent,Completed,Wallet,53280,59156,19226,4167.107064586061,127494.89
B000089,C0024,D002,H013,T009,2025-12-28,2026-01-07,4,8,Agent,Completed,UPI,270240,72476,20108,9631.318895442815,353192.68
B000090,C0042,D003,H024,T006,2025-03-01,2025-04-22,2,4,Agent,Cancelled,Card,45624,40916,8632,17749.198641416155,77422.8
B000091,C0016,D014,H024,T005,2025-06-06,2025-09-03,4,6,Agent,Completed,UPI,136872,135400,15328,52546.97313326394,235053.03
B000092,C0001,D018,H008,T003,2026-03-29,2026-04-08,5,2,Corporate,Confirmed,NetBanking,69180,114710,36915,35214.52323767179,185590.48
B000093,C0029,D004,H024,T009,2025-05-17,2025-06-14,5,5,Corporate,Completed,UPI,142575,11230,10235,3829.3025386568734,160210.7
B000094,C0012,D007,H007,T001,2026-03-11,2026-05-26,3,2,Corporate,Confirmed,NetBanking,56436,22314,13992,10651.816932656448,82090.18
B000095,C0042,D007,H013,T005,2025-09-10,2025-10-28,4,1,Website,Completed,Wallet,33780,63128,16032,4229.165382117564,108710.83
B000096,C0087,D008,H001,T004,2025-05-07,2025-05-24,5,8,Mobile App,Confirmed,Wallet,619960,13730,5985,47129.1990515854,592545.8
B000097,C0017,D005,H011,T006,2025-07-02,2025-07-22,4,8,Mobile App,Confirmed,Card,231552,28440,37104,15870.34998477377,281225.65
B000098,C0001,D002,H029,T003,2025-10-17,2025-12-25,2,5,Agent,Confirmed,Wallet,162480,56042,1194,36425.879905700014,183290.12
B000099,C0012,D011,H014,T007,2026-02-22,2026-05-10,1,1,Agent,Cancelled,Card,7853,6283,11536,741.6712656917565,24930.33
B000100,C0051,D008,H022,T004,2025-11-27,2025-12-30,1,1,Agent,Confirmed,NetBanking,16976,7095,1590,3316.320729140631,22344.68
B000101,C0028,D007,H004,T002,2026-05-24,2026-07-06,5,2,Mobile App,Confirmed,NetBanking,162730,92030,23095,54676.010360705375,223178.99
B000102,C0049,D006,H020,T002,2026-04-18,2026-06-27,3,7,Mobile App,Confirmed,UPI,127071,13662,4893,20010.602148178725,125615.4
B000103,C0003,D019,H012,T007,2026-02-15,2026-03-04,2,2,Mobile App,Confirmed,UPI,50072,20130,9438,1262.0310129028542,78377.97
B000104,C0034,D013,H023,T003,2025-11-25,2025-12-15,2,3,Corporate,Completed,UPI,102918,65816,15050,33369.642573736135,150414.36
B000105,C0042,D009,H028,T004,2025-06-07,2025-08-16,2,8,Mobile App,Completed,Wallet,244224,45308,3012,37625.82024600505,254918.18
B000106,C0044,D005,H016,T007,2025-08-13,2025-08-31,5,8,Website,Confirmed,Wallet,133200,168885,32735,30556.408438282848,304263.59
B000107,C0056,D017,H004,T004,2025-03-06,2025-05-14,4,7,Corporate,Confirmed,Card,455644,53468,37504,72119.69277004641,474496.31
B000108,C0079,D018,H015,T004,2025-07-23,2025-09-06,5,3,Website,Confirmed,Wallet,242355,110720,28685,67116.79272024678,314643.21
B000109,C0047,D001,H004,T003,2026-05-20,2026-08-17,2,6,Agent,Confirmed,UPI,195276,18982,3586,20787.860767593917,197056.14
B000110,C0085,D019,H014,T004,2025-08-21,2025-08-25,3,2,Corporate,Completed,Wallet,47118,42552,25371,12224.750940840333,102816.25
B000111,C0053,D014,H002,T007,2025-03-03,2025-05-27,1,8,Mobile App,Completed,UPI,129840,7350,2644,12653.505924448664,127180.49
B000112,C0027,D002,H020,T006,2025-12-22,2026-01-12,5,1,Mobile App,Confirmed,UPI,30255,147065,3465,2624.6882015847636,178160.31
B000113,C0023,D016,H010,T010,2026-06-09,2026-06-14,3,7,Mobile App,Completed,Wallet,300426,22995,16569,53519.19449080652,286470.81
B000114,C0033,D003,H007,T008,2026-04-18,2026-06-22,3,5,Website,Confirmed,Card,141090,25074,10848,4475.279113105839,172536.72
B000115,C0060,D002,H001,T001,2025-05-30,2025-07-17,3,7,Website,Completed,Card,325479,51111,2481,29914.00967400002,349156.99
B000116,C0025,D003,H027,T004,2025-09-05,2025-11-19,2,5,Website,Confirmed,Wallet,28950,31768,18880,6158.064972936805,73439.94
B000117,C0092,D010,H026,T003,2025-10-17,2025-10-28,5,2,Mobile App,Completed,Card,37880,60065,36980,7556.900774460623,127368.1
B000118,C0048,D013,H025,T006,2025-05-16,2025-05-25,3,7,Agent,Confirmed,Wallet,48636,40380,32892,9813.767740707353,112094.23
B000119,C0087,D009,H002,T003,2025-05-27,2025-07-17,4,6,Website,Cancelled,UPI,389520,45532,24096,56751.529402774264,402396.47
B000120,C0069,D003,H011,T010,2025-05-09,2025-07-27,1,5,Corporate,Confirmed,UPI,36180,32075,5540,4595.765340873618,69199.23
B000121,C0034,D004,H030,T003,2026-06-27,2026-08-03,2,4,Agent,Confirmed,Card,34264,41884,20380,3330.4464644278455,93197.55
B000122,C0023,D018,H018,T006,2026-02-11,2026-04-24,5,4,Website,Confirmed,NetBanking,277940,161560,7185,77666.68528618768,369018.31
B000123,C0075,D020,H004,T002,2026-04-04,2026-06-24,1,5,Corporate,Confirmed,UPI,81365,34558,4659,23412.988517014623,97169.01
B000124,C0034,D016,H005,T010,2026-03-22,2026-06-08,1,3,Website,Confirmed,UPI,11034,23304,9685,4037.6471357014525,39985.35
B000125,C0025,D003,H008,T010,2026-06-07,2026-07-23,5,3,Agent,Completed,NetBanking,103770,145795,19320,17586.13907075479,251298.86
B000126,C0094,D017,H030,T008,2025-02-27,2025-05-01,2,3,Mobile App,Completed,Card,25698,10418,21358,545.7969876451905,56928.2
B000127,C0049,D014,H006,T004,2026-04-26,2026-06-13,2,1,Agent,Confirmed,Card,20410,66610,7532,696.8773735523488,93855.12
B000128,C0005,D011,H028,T001,2025-02-06,2025-04-08,3,9,Corporate,Completed,UPI,412128,52959,15771,37784.09013241135,443073.91
B000129,C0050,D003,H021,T008,2025-09-17,2025-11-07,1,3,Corporate,Completed,UPI,5655,25400,10819,7790.590854866928,34083.41
B000130,C0047,D020,H028,T005,2025-11-20,2026-01-07,1,2,Mobile App,Confirmed,UPI,30528,9718,3298,6363.594562775545,37180.41
B000131,C0087,D009,H025,T010,2025-07-15,2025-08-24,1,2,Agent,Confirmed,NetBanking,4632,4699,11633,1464.4168194413855,19499.58
B000132,C0072,D001,H010,T007,2025-03-21,2025-05-19,1,9,Corporate,Confirmed,UPI,128754,31144,1005,31152.314790213833,129750.69
B000133,C0020,D005,H025,T006,2025-04-15,2025-06-22,1,5,Agent,Confirmed,UPI,11580,16556,3556,2717.639093996124,28974.36
B000134,C0016,D009,H006,T010,2026-03-26,2026-06-16,4,3,Corporate,Completed,Wallet,122460,24544,29188,9753.733429276155,166438.27
B000135,C0061,D002,H009,T009,2025-06-23,2025-08-17,2,4,Mobile App,Completed,Card,17264,47116,14664,6740.133175198419,72303.87
B000136,C0005,D007,H007,T005,2025-06-19,2025-06-29,1,1,Mobile App,Completed,NetBanking,9406,3319,10963,1002.2071921586062,22685.79
B000137,C0032,D010,H004,T001,2026-05-19,2026-07-11,1,3,Agent,Confirmed,Card,48819,16590,11537,13629.272162374085,63316.73
B000138,C0014,D019,H003,T001,2025-03-20,2025-04-18,3,3,Corporate,Completed,Wallet,48771,75294,24885,10759.352917342994,138190.65
B000139,C0003,D002,H006,T005,2026-05-14,2026-05-18,5,8,Corporate,Completed,Wallet,408200,128170,40430,75903.29974406492,500896.7
B000140,C0092,D012,H004,T006,2026-05-17,2026-05-25,2,1,Agent,Confirmed,Card,32546,33370,8296,5774.394143872292,68437.61
B000141,C0009,D019,H012,T001,2025-11-23,2026-01-16,1,4,Agent,Completed,NetBanking,50072,13893,9764,13296.751143012998,60432.25
B000142,C0001,D017,H003,T002,2025-04-01,2025-06-25,2,8,Agent,Confirmed,Card,86704,59170,15786,20769.454464469756,140890.55
B000143,C0094,D019,H002,T008,2025-03-26,2025-05-11,3,8,Mobile App,Confirmed,Wallet,389520,23064,2328,40516.31366007891,374395.69
B000144,C0019,D004,H030,T008,2025-06-05,2025-07-16,1,5,Mobile App,Confirmed,Card,21415,4000,10068,937.7657950922868,34545.23
B000145,C0082,D017,H003,T001,2025-11-11,2025-11-20,5,3,Mobile App,Confirmed,Wallet,81285,33770,23180,24935.289977874894,113299.71
B000146,C0004,D020,H003,T006,2025-03-25,2025-05-25,4,4,Corporate,Completed,NetBanking,86704,113344,23888,24490.39644266146,199445.6
B000147,C0016,D007,H001,T001,2025-09-06,2025-09-12,2,3,Agent,Confirmed,NetBanking,92994,34482,12180,7961.871598379945,131694.13
B000148,C0012,D010,H004,T008,2025-03-04,2025-05-19,5,6,Corporate,Confirmed,Card,488190,13750,49635,96848.50507075973,454726.49
B000149,C0071,D011,H016,T009,2025-10-22,2026-01-03,2,3,Website,Confirmed,Wallet,19980,14306,7162,451.2893669286829,40996.71
B000150,C0063,D010,H025,T009,2025-01-12,2025-04-11,1,6,Corporate,Confirmed,NetBanking,13896,2440,5006,1340.6059139295437,20001.39
B000151,C0048,D006,H023,T006,2026-01-22,2026-02-18,5,6,Agent,Confirmed,Wallet,514590,143915,4745,71210.28741946489,592039.71
B000152,C0025,D020,H018,T007,2025-01-31,2025-02-16,5,9,Corporate,Confirmed,Wallet,625365,84770,22535,49794.353917767905,682875.65
B000153,C0009,D020,H003,T010,2025-04-17,2025-05-15,2,4,Mobile App,Completed,UPI,43352,7560,3032,5143.390534431422,48800.61
B000154,C0057,D008,H024,T007,2025-04-06,2025-06-17,3,9,Mobile App,Confirmed,Wallet,153981,26739,21612,10695.927193326526,191636.07
B000155,C0024,D017,H002,T005,2026-03-29,2026-04-19,1,4,Website,Completed,Wallet,64920,22151,10771,2545.517956611305,95296.48
B000156,C0060,D008,H019,T008,2025-01-30,2025-04-20,4,7,Corporate,Confirmed,UPI,222740,85556,23372,2444.667689354795,329223.33
B000157,C0069,D016,H013,T006,2025-08-22,2025-09-06,4,6,Agent,Completed,Wallet,202680,115784,43956,11426.853611091696,350993.15
B000158,C0085,D012,H027,T009,2025-11-19,2025-11-25,4,8,Corporate,Completed,NetBanking,92640,9456,46944,28405.42969005159,120634.57
B000159,C0050,D010,H010,T006,2025-10-09,2025-10-30,3,5,Website,Confirmed,Card,214590,11472,3354,26401.337047516237,203014.66
B000160,C0001,D003,H020,T009,2026-01-06,2026-03-15,4,8,Website,Confirmed,UPI,193632,10740,25752,22504.291973892665,207619.71
B000161,C0029,D014,H014,T001,2026-03-14,2026-05-08,3,4,Corporate,Cancelled,Card,94236,44103,19725,12149.552667203503,145914.45
B000162,C0086,D007,H016,T001,2025-08-03,2025-09-05,5,5,Website,Confirmed,UPI,83250,129295,24645,33606.03488515984,203583.97
B000163,C0054,D005,H029,T001,2026-03-28,2026-05-26,1,5,Agent,Completed,NetBanking,81240,23710,10050,3248.967945840147,111751.03
B000164,C0062,D004,H022,T006,2025-06-23,2025-08-21,3,7,Mobile App,Confirmed,NetBanking,356496,25620,15123,21937.910499295274,375301.09
B000165,C0046,D020,H013,T008,2026-06-21,2026-08-10,3,6,Corporate,Confirmed,NetBanking,152010,70551,3402,29641.922133116113,196321.08
B000166,C0017,D003,H014,T003,2025-10-02,2025-11-18,3,1,Corporate,Confirmed,NetBanking,23559,70467,20403,10963.771235024611,103465.23
B000167,C0090,D016,H022,T002,2026-02-06,2026-02-16,1,8,Corporate,Completed,Card,135808,7911,2821,22569.872131812972,123970.13
B000168,C0078,D018,H011,T009,2026-04-22,2026-05-16,2,7,Mobile App,Confirmed,NetBanking,101304,53244,9162,29373.170510828742,134336.83
B000169,C0100,D001,H006,T008,2026-03-08,2026-04-25,5,1,Agent,Completed,Wallet,51025,78230,31355,26448.37438000822,134161.63
B000170,C0086,D012,H015,T007,2026-04-09,2026-04-22,1,9,Agent,Completed,UPI,145413,3487,8813,5810.390247840566,151902.61
B000171,C0030,D012,H003,T005,2025-10-20,2025-12-02,4,6,Corporate,Confirmed,Card,130056,58336,14792,3717.0576670627215,199466.94
B000172,C0026,D008,H006,T005,2025-01-24,2025-02-05,4,1,Website,Confirmed,Wallet,40820,109144,19508,5743.087491114093,163728.91
B000173,C0025,D014,H013,T001,2025-09-26,2025-12-06,3,5,Corporate,Confirmed,Wallet,126675,74469,3840,32122.251057396334,172861.75
B000174,C0092,D009,H024,T002,2025-04-09,2025-04-20,1,8,Mobile App,Confirmed,Wallet,45624,10492,4917,11154.77057700172,49878.23
B000175,C0056,D009,H024,T009,2026-04-30,2026-05-10,1,3,Website,Completed,UPI,17109,26856,7172,9464.935749554432,41672.06
B000176,C0046,D009,H008,T004,2025-05-10,2025-07-07,2,9,Agent,Confirmed,Card,124524,29098,15190,10068.480767040732,158743.52
B000177,C0097,D017,H013,T008,2025-05-05,2025-05-26,1,4,Corporate,Confirmed,UPI,33780,16918,3872,9171.485799639977,45398.51
B000178,C0061,D013,H005,T008,2025-05-16,2025-06-17,1,3,Website,Completed,Wallet,11034,4402,1199,1784.0556250185157,14850.94
B000179,C0091,D008,H023,T004,2025-12-17,2026-01-15,1,4,Website,Completed,NetBanking,68612,34901,7139,18208.712720685166,92443.29
B000180,C0099,D019,H008,T003,2025-11-08,2025-11-29,1,5,Corporate,Confirmed,UPI,34590,29594,8036,7920.581783336736,64299.42
B000181,C0008,D017,H024,T007,2026-06-02,2026-08-10,5,7,Corporate,Completed,UPI,199605,40150,7395,7211.501853681812,239938.5
B000182,C0037,D019,H026,T001,2025-08-15,2025-10-16,4,9,Website,Confirmed,NetBanking,136368,81136,25228,3845.8240142150166,238886.18
B000183,C0074,D015,H021,T005,2025-06-03,2025-06-26,1,2,Corporate,Completed,Wallet,3770,27641,1593,6318.412160101008,26685.59
B000184,C0082,D008,H010,T009,2025-01-27,2025-03-30,4,9,Corporate,Confirmed,Wallet,515016,73624,22836,52073.60879931124,559402.39
B000185,C0015,D016,H029,T008,2025-01-04,2025-03-09,1,5,Corporate,Confirmed,Wallet,81240,8561,7869,6847.070277424206,90822.93
B000186,C0032,D007,H021,T008,2025-07-23,2025-09-10,3,2,Website,Confirmed,Wallet,11310,101838,26313,9938.076900974667,129522.92
B000187,C0055,D006,H020,T001,2026-05-20,2026-07-11,1,9,Agent,Completed,Wallet,54459,10505,8708,5583.371192444195,68088.63
B000188,C0080,D010,H026,T002,2025-10-13,2026-01-05,1,4,Corporate,Completed,Wallet,15152,12705,9219,7007.340478202097,30068.66
B000189,C0012,D020,H027,T003,2026-05-02,2026-06-12,1,6,Corporate,Confirmed,Wallet,17370,13949,3274,433.8279584076125,34159.17
B000190,C0061,D012,H003,T003,2025-02-25,2025-04-01,3,7,Agent,Completed,Card,113799,94023,30693,5679.5805919978175,232835.42
B000191,C0030,D008,H027,T002,2025-02-20,2025-04-10,3,1,Website,Completed,Wallet,8685,54750,13563,12160.317477814286,64837.68
B000192,C0022,D010,H023,T010,2026-03-31,2026-06-14,2,2,Website,Confirmed,Wallet,68612,51218,9620,14224.21173079619,115225.79
B000193,C0052,D006,H007,T002,2025-02-28,2025-05-03,4,7,Mobile App,Completed,UPI,263368,126760,38228,11011.89829862431,417344.1
B000194,C0042,D014,H010,T008,2025-01-29,2025-02-06,4,3,Website,Confirmed,NetBanking,171672,130420,17040,2199.4664740688086,316932.53
B000195,C0064,D008,H023,T006,2025-08-09,2025-09-20,4,1,Website,Cancelled,Card,68612,120760,5444,8736.887758873192,186079.11
B000196,C0032,D012,H007,T007,2026-05-20,2026-07-26,3,1,Website,Confirmed,UPI,28218,95733,26142,7829.173211029544,142263.83
B000197,C0083,D008,H014,T003,2026-01-11,2026-02-01,3,8,Corporate,Confirmed,UPI,188472,99795,24342,888.6241924598515,311720.38
B000198,C0008,D007,H021,T004,2025-02-24,2025-05-23,3,2,Agent,Confirmed,UPI,11310,104097,21570,5919.886733962748,131057.11
B000199,C0087,D020,H020,T007,2026-04-02,2026-06-14,2,1,Agent,Confirmed,Wallet,12102,46086,4294,9226.328763731968,53255.67
B000200,C0003,D007,H028,T003,2026-04-05,2026-06-20,3,6,Corporate,Completed,Wallet,274752,17733,23295,54025.77010271461,261754.23
B000201,C0074,D002,H004,T007,2026-03-13,2026-03-22,1,2,Mobile App,Confirmed,UPI,32546,5296,2781,7297.806822547051,33325.19
B000202,C0035,D008,H009,T001,2026-05-07,2026-06-29,5,6,Mobile App,Confirmed,NetBanking,64740,140830,34440,18716.653394955374,221293.35
B000203,C0039,D011,H030,T001,2025-05-11,2025-06-28,2,5,Website,Confirmed,NetBanking,42830,24180,12682,5090.9437289412635,74601.06
B000204,C0002,D002,H018,T008,2026-06-18,2026-08-14,4,6,Mobile App,Completed,NetBanking,333528,113800,37540,96960.1059497724,387907.89
B000205,C0071,D007,H008,T007,2025-06-24,2025-09-08,5,5,Website,Completed,NetBanking,172950,164065,58650,60880.21790277809,334784.78
B000206,C0017,D004,H009,T001,2026-03-14,2026-04-16,3,8,Agent,Confirmed,Wallet,51792,69258,8055,13874.968081113962,115230.03
B000207,C0066,D011,H011,T009,2025-11-12,2025-12-30,5,6,Corporate,Confirmed,NetBanking,217080,135520,9095,18429.910669318262,343265.09
B000208,C0073,D015,H017,T001,2026-03-01,2026-05-01,3,4,Agent,Confirmed,NetBanking,164796,32523,20670,14008.210873794218,203980.79
B000209,C0085,D020,H009,T010,2025-12-09,2026-02-15,1,1,Mobile App,Completed,NetBanking,2158,16057,11447,3057.3474629954567,26604.65
B000210,C0071,D008,H019,T008,2025-12-17,2026-02-24,1,3,Agent,Completed,Card,23865,33832,2318,6506.62128624838,53508.38
B000211,C0031,D018,H014,T010,2025-12-02,2026-01-02,1,2,Corporate,Completed,Wallet,15706,28864,6104,138.63032398487,50535.37
B000212,C0074,D005,H019,T010,2026-03-01,2026-05-29,5,1,Mobile App,Completed,Card,39775,41740,25915,20613.670232142904,86816.33
B000213,C0083,D016,H005,T004,2026-02-07,2026-02-09,3,3,Mobile App,Confirmed,Wallet,33102,98598,12471,16597.145657384455,127573.85
B000214,C0032,D012,H019,T008,2025-03-15,2025-04-29,2,2,Agent,Completed,NetBanking,31820,36470,16270,9963.844229447264,74596.16
B000215,C0013,D016,H028,T003,2026-03-27,2026-05-21,3,1,Website,Confirmed,NetBanking,45792,89307,11694,6208.496427424877,140584.5
B000216,C0090,D016,H005,T005,2025-10-20,2025-10-27,2,3,Corporate,Confirmed,Wallet,22068,37938,12340,11068.752487511018,61277.25
B000217,C0015,D011,H010,T003,2025-06-26,2025-08-06,5,5,Mobile App,Confirmed,NetBanking,357650,108650,51110,76293.60706814408,441116.39
B000218,C0060,D006,H021,T005,2025-10-08,2025-12-01,5,2,Mobile App,Confirmed,NetBanking,18850,34605,24325,1480.2774342845098,76299.72
B000219,C0024,D011,H019,T009,2026-06-12,2026-08-06,1,3,Agent,Cancelled,NetBanking,23865,12845,742,4456.745845975706,32995.25
B000220,C0013,D017,H021,T005,2026-04-13,2026-04-25,4,1,Website,Confirmed,NetBanking,7540,102816,42708,20149.153487034546,132914.85
B000221,C0078,D020,H017,T001,2026-03-31,2026-04-26,2,1,Website,Completed,Card,27466,59440,7312,15745.112454400318,78472.89
B000222,C0015,D019,H021,T004,2025-09-10,2025-10-03,1,2,Website,Completed,NetBanking,3770,4477,9387,726.8423698069821,16907.16
B000223,C0068,D004,H019,T008,2026-03-04,2026-05-01,5,5,Mobile App,Completed,Wallet,198875,20370,46355,46619.96040635628,218980.04
B000224,C0070,D012,H003,T006,2025-07-29,2025-08-28,1,6,Agent,Completed,NetBanking,32514,24718,6552,5887.021735559457,57896.98
B000225,C0007,D003,H023,T006,2026-01-09,2026-03-02,2,8,Website,Confirmed,Wallet,274448,32954,3018,5992.572380971652,304427.43
B000226,C0018,D014,H014,T005,2025-12-15,2026-02-19,1,6,Mobile App,Confirmed,Wallet,47118,29928,11425,1868.883017657741,86602.12
B000227,C0080,D020,H002,T003,2025-05-17,2025-07-28,3,6,Corporate,Confirmed,Card,292140,11355,24990,12995.159192966223,315489.84
B000228,C0051,D002,H013,T006,2025-05-26,2025-06-13,3,9,Corporate,Confirmed,UPI,228015,39612,16140,16047.063917066607,267719.94
B000229,C0013,D014,H014,T007,2025-02-03,2025-04-25,2,3,Website,Completed,Card,47118,5374,20638,7260.43129602903,65869.57
B000230,C0100,D019,H003,T009,2025-03-18,2025-04-03,1,8,Agent,Confirmed,Wallet,43352,25265,9562,11707.32397769439,66471.68
B000231,C0027,D017,H030,T007,2025-08-25,2025-08-28,1,9,Website,Confirmed,Wallet,38547,30238,9243,2913.9697365544525,75114.03
B000232,C0001,D008,H007,T010,2025-09-18,2025-09-23,5,6,Agent,Confirmed,NetBanking,282180,33755,12155,65135.8254514706,262954.17
B000233,C0093,D003,H010,T009,2025-03-31,2025-04-19,5,8,Corporate,Confirmed,Wallet,572240,61765,38885,21737.298533785128,651152.7
B000234,C0002,D019,H014,T001,2025-08-16,2025-11-02,5,2,Corporate,Completed,UPI,78530,149195,18930,29567.91452570126,217087.09
B000235,C0056,D019,H025,T004,2025-11-26,2025-12-16,3,8,Website,Confirmed,NetBanking,55584,8661,4206,12717.380355165817,55733.62
B000236,C0100,D012,H023,T004,2025-05-07,2025-07-09,3,6,Mobile App,Completed,NetBanking,308754,100179,13161,70279.27763035429,351814.72
B000237,C0058,D020,H024,T001,2025-07-04,2025-08-11,4,2,Corporate,Completed,NetBanking,45624,124856,6784,22969.486288723674,154294.51
B000238,C0059,D001,H008,T002,2025-07-20,2025-07-25,4,1,Corporate,Completed,NetBanking,27672,26460,6864,8728.442166451528,52267.56
B000239,C0039,D013,H026,T008,2025-10-03,2025-11-13,3,7,Mobile App,Confirmed,Card,79548,18462,26580,3344.1358062442673,121245.86
B000240,C0013,D001,H025,T004,2025-07-19,2025-07-23,2,4,Website,Completed,NetBanking,18528,49354,12540,155.42442190133664,80266.58
B000241,C0058,D019,H014,T002,2026-02-06,2026-03-21,3,3,Mobile App,Confirmed,NetBanking,70677,5514,15225,7937.6290542175675,83478.37
B000242,C0090,D014,H017,T003,2025-06-28,2025-08-18,1,4,Agent,Confirmed,Wallet,54932,18445,2710,1362.245309660493,74724.75
B000243,C0010,D019,H002,T003,2025-08-25,2025-10-11,1,9,Mobile App,Completed,UPI,146070,3708,9365,11386.76319209852,147756.24
B000244,C0089,D012,H023,T002,2025-07-26,2025-08-21,4,4,Corporate,Completed,Card,274448,77220,31172,17131.53821804767,365708.46
B000245,C0042,D002,H029,T002,2025-04-10,2025-06-18,5,1,Corporate,Confirmed,Card,81240,66155,36170,33641.83721876421,149923.16
B000246,C0054,D001,H015,T008,2026-01-09,2026-03-04,1,3,Corporate,Completed,UPI,48471,25167,2686,13433.878813658197,62890.12
B000247,C0017,D007,H017,T009,2025-05-09,2025-06-02,1,2,Website,Confirmed,Card,27466,31003,1920,9891.027935987815,50497.97
B000248,C0063,D015,H015,T005,2025-06-11,2025-07-21,1,7,Corporate,Completed,Card,113099,17872,1920,18975.354352106642,113915.65
B000249,C0019,D004,H003,T007,2026-03-09,2026-03-20,4,8,Corporate,Cancelled,Card,173408,91996,3148,8275.264940948933,260276.74
B000250,C0028,D018,H019,T010,2026-06-02,2026-08-24,2,8,Mobile App,Confirmed,Card,127280,43220,23288,1874.6053576562374,191913.39
B000251,C0073,D005,H022,T009,2026-01-01,2026-03-10,2,6,Agent,Completed,NetBanking,203712,68990,9458,36900.199594456004,245259.8
B000252,C0006,D010,H028,T001,2026-05-15,2026-06-11,1,7,Corporate,Completed,NetBanking,106848,9235,8069,15947.526449312587,108204.47
B000253,C0045,D005,H028,T010,2026-04-11,2026-06-11,5,4,Corporate,Completed,Card,305280,47520,58975,30423.93697095528,381351.06
B000254,C0060,D010,H015,T001,2025-09-20,2025-11-20,3,6,Agent,Completed,Wallet,290826,42537,33807,34711.27266303164,332458.73
B000255,C0014,D010,H029,T001,2026-02-24,2026-04-20,4,1,Website,Completed,Card,64992,104716,16744,18240.57634714992,168211.42
B000256,C0030,D001,H016,T005,2025-06-28,2025-07-04,4,5,Agent,Confirmed,NetBanking,66600,121940,24532,10224.393420112721,202847.61
B000257,C0035,D012,H020,T008,2025-09-08,2025-11-26,1,6,Agent,Completed,UPI,36306,10815,5824,3326.710253489427,49618.29
B000258,C0067,D016,H019,T001,2025-10-19,2026-01-13,5,1,Website,Confirmed,UPI,39775,25905,4420,5865.821556382293,64234.18
B000259,C0098,D019,H030,T003,2026-06-08,2026-09-03,3,5,Corporate,Cancelled,Card,64245,65667,28005,19050.444573309705,138866.56
B000260,C0084,D007,H023,T003,2026-04-08,2026-07-05,4,7,Website,Confirmed,Card,480284,86072,28420,113699.66481564014,481076.34
B000261,C0019,D018,H004,T004,2025-09-24,2025-12-16,2,4,Corporate,Confirmed,Card,130184,28108,9542,18075.205190803714,149758.79
B000262,C0002,D018,H003,T010,2025-12-22,2026-02-27,5,5,Agent,Completed,UPI,135475,38365,34600,30480.761061036985,177959.24
B000263,C0006,D020,H013,T004,2025-04-21,2025-04-28,5,3,Mobile App,Confirmed,Card,126675,149850,44785,51859.50484214304,269450.5
B000264,C0060,D008,H016,T003,2026-03-15,2026-04-26,3,3,Website,Confirmed,NetBanking,29970,89577,2016,2759.67755012634,118803.32
B000265,C0016,D018,H021,T002,2025-10-29,2025-11-21,1,2,Website,Completed,NetBanking,3770,26542,7929,4995.228082386051,33245.77
B000266,C0024,D012,H015,T002,2025-10-18,2025-11-08,5,3,Agent,Confirmed,UPI,242355,104485,52020,38458.93637613595,360401.06
B000267,C0085,D002,H016,T002,2026-02-22,2026-05-08,5,8,Mobile App,Confirmed,Card,133200,51285,44265,26188.715607841066,202561.28
B000268,C0088,D006,H028,T006,2025-12-11,2026-02-22,3,9,Corporate,Confirmed,NetBanking,412128,45006,22887,3688.187184958511,476332.81
B000269,C0084,D014,H011,T005,2025-02-09,2025-03-28,3,6,Website,Confirmed,NetBanking,130248,11376,4623,26506.26656456909,119740.73
B000270,C0026,D004,H015,T005,2025-06-07,2025-08-12,2,6,Corporate,Confirmed,Wallet,193884,19738,18126,44161.16421916229,187586.84
B000271,C0062,D009,H017,T009,2025-04-07,2025-04-20,1,6,Corporate,Confirmed,Card,82398,16589,9132,75.29242137130765,108043.71
B000272,C0062,D016,H015,T006,2026-02-05,2026-02-26,5,5,Website,Confirmed,NetBanking,403925,80670,30900,21938.600347887732,493556.4
B000273,C0019,D003,H030,T002,2025-01-20,2025-04-07,3,4,Agent,Confirmed,Wallet,51396,12576,21600,3083.9151665244535,82488.08
B000274,C0056,D010,H029,T004,2025-04-21,2025-06-01,2,6,Corporate,Confirmed,Card,194976,67160,15222,43340.211660741006,234017.79
B000275,C0053,D005,H016,T004,2025-11-22,2026-01-11,4,8,Mobile App,Completed,Wallet,106560,41944,7568,18668.710197140004,137403.29
B000276,C0040,D011,H014,T009,2026-01-14,2026-02-25,1,4,Website,Completed,Card,31412,18558,3460,1894.9875259888754,51535.01
B000277,C0076,D005,H018,T004,2025-10-02,2025-10-21,1,6,Corporate,Confirmed,Card,83382,17086,9611,17920.221758108968,92158.78
B000278,C0068,D020,H006,T002,2026-04-15,2026-06-28,2,5,Mobile App,Confirmed,NetBanking,102050,34454,23396,11304.126400347835,148595.87
B000279,C0054,D002,H013,T008,2026-05-16,2026-07-23,3,3,Website,Completed,NetBanking,76005,89424,10818,16244.928375206082,160002.07
B000280,C0073,D020,H007,T005,2025-03-13,2025-05-14,2,3,Corporate,Completed,NetBanking,56436,53000,10216,9268.401987965173,110383.6
B000281,C0077,D016,H005,T001,2026-06-04,2026-07-07,1,1,Agent,Confirmed,UPI,3678,30565,11025,4720.367837036316,40547.63
B000282,C0057,D018,H003,T007,2025-12-01,2026-01-28,2,4,Website,Confirmed,UPI,43352,28396,4732,7344.259203204183,69135.74
B000283,C0027,D018,H018,T003,2025-12-13,2026-03-08,2,7,Mobile App,Confirmed,Wallet,194558,20764,7006,12209.54242878711,210118.46
B000284,C0076,D004,H001,T009,2025-02-21,2025-04-21,3,7,Website,Completed,Wallet,325479,47454,3429,31957.351876651348,344404.65
B000285,C0072,D019,H020,T009,2025-12-05,2026-01-19,3,9,Corporate,Completed,Wallet,163377,60927,9597,42492.193537614134,191408.81
B000286,C0099,D012,H013,T004,2026-01-31,2026-02-25,5,1,Website,Completed,NetBanking,42225,63935,39075,14607.565982312633,130627.43
B000287,C0015,D020,H011,T006,2025-11-13,2025-12-31,5,7,Corporate,Confirmed,Wallet,253260,84555,22520,66041.21943990934,294293.78
B000288,C0042,D018,H024,T006,2025-02-16,2025-03-22,2,8,Agent,Confirmed,Card,91248,13110,23616,14080.391763491241,113893.61
B000289,C0093,D012,H017,T007,2025-10-13,2025-12-07,5,4,Agent,Confirmed,UPI,274660,105290,53760,66688.74965231968,367021.25
B000290,C0052,D008,H023,T001,2026-05-26,2026-06-01,3,3,Corporate,Confirmed,UPI,154377,76236,32403,15443.842380291811,247572.16
B000291,C0095,D003,H022,T004,2026-01-30,2026-02-17,1,4,Corporate,Confirmed,Card,67904,19159,8853,15162.660062219886,80753.34
B000292,C0002,D003,H001,T002,2025-03-16,2025-05-26,2,7,Website,Completed,Card,216986,61492,17148,15628.06823205987,279997.93
B000293,C0004,D008,H007,T007,2026-06-08,2026-07-13,4,8,Website,Confirmed,Wallet,300992,139420,25444,1821.494317941767,464034.51
B000294,C0080,D017,H018,T001,2026-06-07,2026-07-17,5,6,Website,Completed,Card,416910,159185,59455,20430.255967316563,615119.74
B000295,C0036,D011,H030,T006,2025-04-03,2025-05-22,2,5,Agent,Confirmed,NetBanking,42830,9228,3192,239.264269104007,55010.74
B000296,C0053,D010,H005,T008,2026-03-13,2026-04-22,1,6,Agent,Confirmed,Card,22068,31006,8812,11721.98373121859,50164.02
B000297,C0043,D005,H004,T010,2025-08-10,2025-10-17,1,1,Website,Completed,NetBanking,16273,12679,2112,6212.657232451051,24851.34
B000298,C0041,D012,H029,T003,2025-11-20,2025-12-13,1,6,Website,Completed,NetBanking,97488,16634,4401,18068.36350699529,100454.64
B000299,C0094,D013,H030,T001,2025-08-31,2025-11-07,4,1,Agent,Confirmed,UPI,17132,61204,13756,1991.5477712422417,90100.45
B000300,C0010,D020,H006,T008,2026-03-03,2026-03-23,3,9,Agent,Completed,Card,275535,33048,22242,59478.726382909765,271346.27
B000301,C0078,D015,H013,T001,2026-06-28,2026-08-01,3,9,Mobile App,Confirmed,UPI,228015,92661,28656,51964.964330542956,297367.04
B000302,C0089,D013,H019,T001,2026-03-10,2026-05-02,4,5,Corporate,Confirmed,Wallet,159100,91480,5668,17027.398516550842,239220.6
B000303,C0066,D019,H006,T010,2026-05-23,2026-08-10,5,4,Corporate,Confirmed,NetBanking,204100,169465,37095,41253.08945269121,369406.91
B000304,C0040,D009,H010,T009,2026-05-31,2026-06-22,4,7,Corporate,Confirmed,Wallet,400568,133928,12196,72355.70755863766,474336.29
B000305,C0017,D019,H012,T008,2025-02-19,2025-04-13,1,6,Mobile App,Completed,Wallet,75108,15561,1385,442.788497525462,91611.21
B000306,C0069,D008,H020,T009,2025-05-19,2025-05-26,3,7,Corporate,Confirmed,UPI,127071,77568,15903,22122.167167267016,198419.83
B000307,C0047,D003,H010,T001,2026-01-29,2026-02-06,5,5,Agent,Completed,NetBanking,357650,91645,35920,71073.85002936353,414141.15
B000308,C0015,D009,H013,T001,2025-11-18,2026-01-26,4,3,Agent,Completed,UPI,101340,72308,11280,6961.628314809007,177966.37
B000309,C0036,D003,H009,T004,2025-01-28,2025-04-03,2,1,Mobile App,Confirmed,Wallet,4316,52554,9964,5932.059837583549,60901.94
B000310,C0097,D003,H023,T001,2025-02-21,2025-03-28,2,3,Corporate,Confirmed,Wallet,102918,49150,22930,18638.34150942099,156359.66
B000311,C0027,D018,H005,T009,2025-10-11,2025-12-06,5,5,Agent,Confirmed,NetBanking,91950,160215,22435,40397.25022800104,234202.75
B000312,C0018,D016,H007,T001,2025-12-02,2026-01-06,1,4,Website,Completed,Wallet,37624,27380,11949,14843.521281332401,62109.48
B000313,C0069,D005,H008,T006,2025-04-02,2025-04-28,3,5,Corporate,Completed,Wallet,103770,67023,30279,34112.89219766378,166959.11
B000314,C0020,D017,H028,T009,2025-04-04,2025-05-13,1,3,Website,Completed,Wallet,45792,32295,4765,10298.808830578368,72553.19
B000315,C0092,D002,H029,T008,2025-03-12,2025-04-10,5,9,Agent,Confirmed,UPI,731160,24645,35665,92386.81698230132,699083.18
B000316,C0086,D006,H016,T003,2025-11-04,2026-01-16,1,4,Agent,Confirmed,UPI,13320,27067,8656,5916.416997672598,43126.58
B000317,C0099,D015,H005,T005,2025-01-05,2025-02-12,1,8,Agent,Confirmed,Wallet,29424,14641,5843,5441.755139572798,44466.24
B000318,C0092,D007,H023,T006,2025-11-08,2025-12-08,2,4,Website,Confirmed,Card,137224,32022,10378,2132.599600725777,177491.4
B000319,C0025,D015,H015,T008,2025-09-17,2025-11-05,2,4,Mobile App,Completed,Card,129256,55372,8582,26983.56927967742,166226.43
B000320,C0022,D018,H026,T005,2025-09-11,2025-11-18,3,6,Corporate,Confirmed,UPI,68184,31995,6312,15256.684436520312,91234.32
B000321,C0035,D002,H011,T003,2026-01-06,2026-02-01,2,3,Website,Confirmed,NetBanking,43416,62202,1572,10986.554006280534,96203.45
B000322,C0047,D001,H030,T008,2025-10-12,2026-01-04,2,2,Agent,Confirmed,Wallet,17132,36492,8748,10857.563144833483,51514.44
B000323,C0088,D019,H025,T009,2026-02-01,2026-03-15,3,4,Corporate,Confirmed,Wallet,27792,39573,28950,12953.150131501898,83361.85
B000324,C0074,D011,H007,T005,2026-02-21,2026-04-22,3,8,Corporate,Completed,NetBanking,225744,37479,9549,19784.952810594845,252987.05
B000325,C0065,D011,H022,T001,2026-05-17,2026-08-11,5,2,Agent,Confirmed,NetBanking,169760,78000,12835,1026.4500152072187,259568.55
B000326,C0088,D010,H009,T006,2026-03-12,2026-04-20,3,4,Mobile App,Completed,NetBanking,25896,99246,12816,1632.3644855053897,136325.64
B000327,C0065,D009,H011,T009,2025-10-10,2025-10-29,3,7,Agent,Completed,Card,151956,14814,22161,13293.119474048866,175637.88
B000328,C0038,D014,H008,T010,2025-09-26,2025-12-02,4,7,Mobile App,Completed,NetBanking,193704,74064,11888,25846.10536475257,253809.89
B000329,C0042,D012,H021,T005,2025-05-09,2025-05-11,1,4,Agent,Completed,Wallet,7540,29472,3034,1336.5041703668778,38709.5
B000330,C0052,D004,H008,T002,2025-11-23,2026-01-04,4,1,Agent,Completed,Card,27672,69252,7164,3941.3609517837867,100146.64
B000331,C0009,D013,H020,T006,2025-03-17,2025-06-13,5,1,Agent,Completed,Card,30255,102305,21600,7097.876613884497,147062.12
B000332,C0075,D014,H018,T009,2026-05-23,2026-06-30,2,5,Website,Confirmed,NetBanking,138970,26328,6000,26740.074808547273,144557.93
B000333,C0066,D003,H023,T010,2026-04-06,2026-06-07,1,8,Corporate,Confirmed,NetBanking,137224,6063,10058,23654.62679414988,129690.37
B000334,C0074,D008,H030,T001,2025-03-07,2025-04-24,2,1,Agent,Completed,UPI,8566,45840,21832,5838.900473995133,70399.1
B000335,C0054,D016,H001,T003,2026-03-05,2026-03-25,2,8,Corporate,Confirmed,Card,247984,64636,9520,11105.092376719454,311034.91
B000336,C0079,D013,H030,T005,2025-03-05,2025-04-03,3,7,Agent,Confirmed,NetBanking,89943,56763,4440,3352.671753760624,147793.33
B000337,C0095,D003,H004,T001,2026-01-29,2026-03-18,5,1,Corporate,Completed,NetBanking,81365,79865,7525,2940.701410904144,165814.3
B000338,C0057,D001,H016,T009,2025-02-17,2025-02-28,3,4,Corporate,Confirmed,NetBanking,39960,17469,12702,5488.161028964773,64642.84
B000339,C0045,D012,H011,T002,2025-09-24,2025-11-01,1,2,Corporate,Confirmed,Wallet,14472,33148,5829,486.83950371610223,52962.16
B000340,C0011,D010,H020,T007,2025-12-25,2026-02-01,2,9,Agent,Completed,NetBanking,108918,61236,13154,12231.594277110844,171076.41
B000341,C0078,D020,H022,T010,2026-02-02,2026-04-18,4,5,Agent,Confirmed,NetBanking,339520,126860,15988,92762.57342761668,389605.43
B000342,C0091,D011,H026,T007,2025-08-17,2025-08-29,2,3,Website,Completed,Card,22728,27052,9152,5981.65240142616,52950.35
B000343,C0070,D019,H013,T008,2026-05-18,2026-08-02,3,3,Mobile App,Confirmed,Card,76005,67341,11286,25441.43771514779,129190.56
B000344,C0087,D005,H028,T003,2026-02-27,2026-04-06,4,6,Mobile App,Completed,Wallet,366336,63964,25808,11791.846410091739,444316.15
B000345,C0087,D009,H010,T009,2025-04-24,2025-06-22,2,1,Corporate,Completed,Card,28612,18720,17028,3450.710087177721,60909.29
B000346,C0080,D003,H007,T005,2026-01-01,2026-02-21,4,3,Agent,Confirmed,NetBanking,112872,33556,3996,28476.6604748176,121947.34
B000347,C0051,D012,H012,T001,2026-02-03,2026-03-03,2,2,Mobile App,Confirmed,UPI,50072,28718,12010,6965.302448321869,83834.7
B000348,C0010,D004,H016,T004,2025-07-01,2025-09-22,1,6,Website,Confirmed,UPI,19980,20038,7958,6221.5864836873425,41754.41
B000349,C0001,D010,H021,T004,2026-02-07,2026-02-28,2,7,Agent,Confirmed,UPI,26390,11174,16468,10548.416426342606,43483.58
B000350,C0021,D007,H025,T006,2026-05-05,2026-05-10,3,5,Mobile App,Confirmed,UPI,34740,75054,20940,14401.337307228476,116332.66
B000351,C0044,D004,H007,T003,2026-03-22,2026-05-29,1,2,Website,Cancelled,NetBanking,18812,16835,6539,2576.264842832691,39609.74
B000352,C0075,D002,H010,T005,2026-02-20,2026-04-17,5,4,Mobile App,Confirmed,NetBanking,286120,155095,41655,51372.39018511447,431497.61
B000353,C0046,D011,H029,T005,2025-12-12,2026-03-02,3,8,Corporate,Completed,NetBanking,389952,32517,14553,4775.5316251941595,432246.47
B000354,C0003,D019,H014,T004,2025-05-28,2025-07-09,1,2,Website,Confirmed,Card,15706,3228,7023,583.3569643647969,25373.64
B000355,C0022,D004,H008,T007,2026-03-10,2026-03-13,5,2,Mobile App,Cancelled,NetBanking,69180,59765,20865,214.8606495761114,149595.14
B000356,C0098,D009,H030,T004,2025-07-18,2025-07-21,5,2,Agent,Confirmed,UPI,42830,170530,27675,42625.11347372417,198409.89
B000357,C0099,D005,H014,T008,2025-10-18,2025-11-27,1,8,Website,Confirmed,Card,62824,12286,1926,10342.55182414185,66693.45
B000358,C0038,D017,H030,T003,2025-06-21,2025-07-14,1,2,Website,Completed,UPI,8566,25077,4526,2277.3897610703725,35891.61
B000359,C0081,D009,H028,T009,2025-06-20,2025-09-11,2,6,Corporate,Confirmed,UPI,183168,59500,4266,10922.45477810731,236011.55
B000360,C0072,D020,H028,T004,2025-03-27,2025-04-08,3,9,Agent,Completed,UPI,412128,33072,9312,62093.30242908497,392418.7
B000361,C0094,D005,H018,T001,2026-06-08,2026-08-26,4,6,Website,Confirmed,UPI,333528,92104,21292,82192.18970441952,364731.81
B000362,C0089,D002,H024,T002,2025-03-22,2025-04-12,3,4,Website,Confirmed,Card,68436,25047,18750,6714.655521210308,105518.34
B000363,C0063,D012,H029,T009,2025-02-17,2025-03-01,4,2,Mobile App,Confirmed,NetBanking,129984,54532,45328,14781.686387579095,215062.31
B000364,C0040,D014,H009,T009,2026-05-26,2026-06-21,1,1,Agent,Completed,NetBanking,2158,11418,799,2455.9420849320973,11919.06
B000365,C0063,D020,H002,T003,2025-10-30,2025-11-13,4,2,Agent,Confirmed,Card,129840,96096,43332,48111.50383827725,221156.5
B000366,C0032,D018,H010,T007,2025-08-27,2025-10-03,5,9,Website,Confirmed,UPI,643770,154180,21370,149777.68798699483,669542.31
B000367,C0035,D018,H020,T006,2026-02-06,2026-03-09,3,2,Agent,Confirmed,UPI,36306,29862,26481,5432.088843522453,87216.91
B000368,C0061,D013,H017,T002,2025-07-28,2025-09-14,3,1,Corporate,Confirmed,NetBanking,41199,33783,24885,2403.0510376289153,97463.95
B000369,C0058,D008,H003,T005,2025-03-11,2025-04-29,2,8,Website,Confirmed,Wallet,86704,58002,23328,14786.910402640604,153247.09
B000370,C0059,D009,H017,T007,2026-02-02,2026-02-04,5,4,Website,Completed,Card,274660,85020,8750,21793.72985279307,346636.27
B000371,C0039,D003,H006,T010,2025-04-06,2025-04-18,1,4,Corporate,Confirmed,UPI,40820,18687,11622,12573.710428731814,58555.29
B000372,C0041,D009,H016,T009,2025-10-29,2025-11-14,2,7,Agent,Completed,Card,46620,50284,2446,727.9362936364367,98622.06
B000373,C0002,D008,H018,T001,2026-06-02,2026-06-21,1,5,Corporate,Confirmed,UPI,69485,6109,10589,10925.944102932572,75257.06
B000374,C0061,D001,H020,T003,2026-05-26,2026-06-05,5,9,Mobile App,Confirmed,UPI,272295,153555,40000,84428.91784675178,381421.08
B000375,C0058,D005,H013,T005,2025-07-16,2025-08-14,3,5,Mobile App,Confirmed,Card,126675,41205,18126,36333.30964962583,149672.69
B000376,C0094,D011,H013,T002,2026-03-02,2026-04-21,5,7,Website,Confirmed,Wallet,295575,117810,25370,57049.610219002585,381705.39
B000377,C0051,D008,H021,T006,2025-11-30,2025-12-29,4,8,Website,Confirmed,NetBanking,60320,63912,6304,24799.82862357468,105736.17
B000378,C0047,D020,H023,T001,2025-09-19,2025-10-19,3,5,Mobile App,Confirmed,Wallet,257295,80187,29160,5547.987339155984,361094.01
B000379,C0007,D010,H025,T002,2025-03-18,2025-04-30,3,3,Website,Confirmed,Card,20844,65964,26613,8149.941856247901,105271.06
B000380,C0020,D020,H011,T001,2025-07-25,2025-09-13,2,9,Corporate,Cancelled,Card,130248,14612,22558,291.7994394094202,167126.2
B000381,C0034,D014,H013,T003,2025-12-22,2026-01-22,3,3,Agent,Confirmed,Card,76005,23376,26697,24741.1375260548,101336.86
B000382,C0038,D001,H010,T008,2026-06-22,2026-07-13,4,1,Corporate,Confirmed,UPI,57224,123572,46020,40950.56180158953,185865.44
B000383,C0037,D005,H016,T002,2025-01-03,2025-02-10,5,6,Agent,Confirmed,Card,99900,94530,53490,1390.957949010816,246529.04
B000384,C0040,D015,H004,T010,2026-01-27,2026-01-31,3,9,Mobile App,Confirmed,Card,439371,32208,16182,1768.8799441811825,485992.12
B000385,C0077,D011,H013,T003,2026-04-07,2026-05-22,5,1,Agent,Completed,Card,42225,31495,42960,8563.60011446616,108116.4
B000386,C0014,D007,H006,T001,2026-06-03,2026-08-26,5,8,Website,Confirmed,UPI,408200,29000,17695,23521.525680669456,431373.47
B000387,C0034,D011,H016,T004,2025-08-19,2025-09-25,3,8,Corporate,Completed,NetBanking,79920,96948,28935,34860.240690667735,170942.76
B000388,C0017,D019,H026,T008,2025-03-06,2025-03-17,3,9,Agent,Confirmed,Wallet,102276,102612,22497,7298.349207594482,220086.65
B000389,C0031,D008,H030,T002,2025-05-28,2025-07-31,1,4,Website,Confirmed,Wallet,17132,14682,5563,5910.420993473989,31466.58
B000390,C0069,D001,H014,T001,2026-04-09,2026-04-22,2,3,Agent,Cancelled,UPI,47118,16508,15448,8768.669263412341,70305.33
B000391,C0005,D007,H002,T009,2026-04-24,2026-05-13,5,5,Agent,Confirmed,UPI,405750,77660,18435,37878.43470414723,463966.57
B000392,C0034,D019,H007,T006,2025-12-14,2025-12-28,1,2,Website,Completed,Wallet,18812,6077,7656,948.4899291225623,31596.51
B000393,C0003,D016,H004,T004,2025-03-08,2025-05-26,2,8,Website,Confirmed,Wallet,260368,39826,11920,62278.68485365935,249835.32
B000394,C0096,D017,H023,T008,2025-03-08,2025-06-04,4,6,Corporate,Cancelled,NetBanking,411672,89884,16800,64067.36273928082,454288.64
B000395,C0073,D019,H030,T009,2025-09-18,2025-11-09,2,5,Mobile App,Confirmed,Card,42830,69014,23436,11887.925684359652,123392.07
B000396,C0025,D003,H017,T004,2025-11-17,2026-01-12,5,5,Agent,Confirmed,NetBanking,343325,60905,6165,30461.77871429166,379933.22
B000397,C0020,D006,H006,T006,2025-01-18,2025-03-17,4,7,Website,Completed,NetBanking,285740,32504,36852,64324.09435681884,290771.91
B000398,C0010,D002,H001,T001,2026-01-09,2026-03-05,1,5,Agent,Confirmed,Wallet,77495,5967,2915,14186.416963218673,72190.58
B000399,C0048,D001,H030,T004,2025-10-24,2025-12-12,2,8,Website,Confirmed,NetBanking,68528,28270,6116,16696.47484482548,86217.53
B000400,C0076,D017,H010,T006,2025-01-07,2025-04-05,4,9,Mobile App,Cancelled,UPI,515016,86548,9100,75258.04485862133,535405.96
B000401,C0059,D019,H004,T002,2025-02-22,2025-04-29,5,9,Agent,Completed,NetBanking,732285,18660,8385,134850.41438768065,624479.59
B000402,C0089,D004,H006,T010,2025-09-05,2025-09-14,5,6,Mobile App,Completed,Wallet,306150,134630,9620,26958.995760756105,423441.0
B000403,C0035,D015,H008,T010,2026-01-29,2026-03-06,5,7,Agent,Completed,Card,242130,84565,50375,53069.294477204305,324000.71
B000404,C0028,D011,H020,T003,2026-03-26,2026-06-21,1,3,Website,Completed,UPI,18153,28072,11152,4641.199623043924,52735.8
B000405,C0048,D002,H027,T004,2025-08-24,2025-09-30,4,1,Mobile App,Completed,UPI,11580,68120,28896,13031.494122869666,95564.51
B000406,C0021,D019,H009,T002,2025-06-10,2025-06-29,1,4,Corporate,Completed,Wallet,8632,6709,659,3194.0896019606175,12805.91
B000407,C0098,D018,H021,T006,2026-06-12,2026-08-29,1,8,Mobile App,Confirmed,Card,15080,2218,10441,5461.9465782305315,22277.05
B000408,C0019,D012,H002,T002,2025-09-07,2025-11-02,4,2,Website,Confirmed,NetBanking,129840,80620,29684,24620.476218111777,215523.52
B000409,C0048,D015,H001,T004,2025-06-21,2025-08-11,3,5,Corporate,Completed,Wallet,232485,58713,19470,35656.20219142835,275011.8
B000410,C0053,D008,H002,T006,2025-08-30,2025-10-07,4,2,Corporate,Completed,UPI,129840,115032,45580,52125.78049789347,238326.22
B000411,C0006,D016,H028,T007,2025-01-07,2025-01-19,5,4,Agent,Confirmed,UPI,305280,154440,26060,95760.4232849961,390019.58
B000412,C0047,D009,H018,T006,2025-06-14,2025-07-19,1,2,Corporate,Confirmed,Wallet,27794,6896,4640,6124.528975456744,33205.47
B000413,C0046,D020,H025,T003,2025-10-08,2025-11-17,3,7,Corporate,Confirmed,NetBanking,48636,36126,28401,1475.2937631945053,111687.71
B000414,C0026,D002,H001,T008,2026-05-16,2026-08-07,5,8,Agent,Confirmed,UPI,619960,42285,32805,44850.14947114053,650199.85
B000415,C0013,D004,H001,T007,2026-02-07,2026-03-08,3,7,Agent,Completed,NetBanking,325479,15222,26232,65795.66181479568,301137.34
B000416,C0005,D020,H026,T008,2026-03-02,2026-03-17,3,7,Website,Confirmed,UPI,79548,4740,25503,16871.637993966022,92919.36
B000417,C0001,D006,H004,T005,2025-10-24,2025-12-02,3,3,Agent,Completed,Wallet,146457,12771,30459,28158.392908682104,161528.61
B000418,C0049,D007,H005,T009,2025-03-02,2025-05-30,5,5,Mobile App,Completed,Wallet,91950,95375,20735,27793.621466240285,180266.38
B000419,C0009,D016,H016,T004,2025-08-02,2025-09-15,1,1,Corporate,Cancelled,Wallet,3330,6587,1328,933.9283978232305,10311.07
B000420,C0096,D004,H019,T009,2026-06-28,2026-08-02,5,4,Mobile App,Confirmed,Card,159100,40105,29960,18481.759435358716,210683.24
B000421,C0025,D011,H007,T003,2025-01-25,2025-03-26,5,5,Corporate,Completed,Card,235150,27235,39730,48878.12769769897,253236.87
B000422,C0066,D006,H014,T003,2026-04-25,2026-06-23,5,7,Agent,Completed,Wallet,274855,128810,49480,26625.014062376613,426519.99
B000423,C0068,D004,H021,T006,2026-01-09,2026-02-06,3,1,Agent,Completed,NetBanking,5655,68385,10713,11608.311141405122,73144.69
B000424,C0050,D020,H014,T006,2025-06-04,2025-08-30,3,8,Corporate,Confirmed,NetBanking,188472,101202,27213,46025.20807244947,270861.79
B000425,C0089,D004,H012,T008,2026-03-01,2026-04-24,2,5,Mobile App,Confirmed,UPI,125180,10470,20140,26314.675516526517,129475.32
B000426,C0012,D002,H003,T003,2026-04-02,2026-04-09,2,8,Mobile App,Completed,NetBanking,86704,16986,19594,7887.355032944746,115396.64
B000427,C0024,D014,H014,T009,2025-01-24,2025-03-02,5,5,Mobile App,Confirmed,NetBanking,196325,83825,48960,48832.63532182414,280277.36
B000428,C0026,D018,H025,T004,2025-02-27,2025-05-21,3,5,Corporate,Confirmed,Card,34740,69732,35562,2982.441263506768,137051.56
B000429,C0014,D003,H019,T006,2025-12-29,2026-02-03,4,7,Corporate,Completed,Wallet,222740,23428,32412,7692.247290284324,270887.75
B000430,C0030,D015,H027,T010,2026-06-29,2026-08-19,1,8,Website,Completed,UPI,23160,8596,4758,3047.721634178317,33466.28
B000431,C0032,D011,H004,T006,2025-01-14,2025-03-10,4,2,Mobile App,Confirmed,NetBanking,130184,62480,22076,2371.8366429051603,212368.16
B000432,C0077,D017,H001,T007,2025-12-29,2026-03-02,4,5,Mobile App,Confirmed,Wallet,309980,8412,36364,67240.33314595152,287515.67
B000433,C0031,D003,H017,T010,2025-03-16,2025-06-02,5,1,Agent,Confirmed,NetBanking,68665,73705,16100,28584.685818283673,129885.31
B000434,C0088,D020,H006,T010,2025-12-21,2026-01-05,1,5,Website,Completed,UPI,51025,26911,7432,835.4743439300356,84532.53
B000435,C0078,D013,H018,T005,2025-12-06,2026-01-22,3,8,Agent,Cancelled,NetBanking,333528,57426,21258,69112.430300932,343099.57
B000436,C0091,D017,H028,T005,2025-02-19,2025-04-08,3,8,Agent,Confirmed,NetBanking,366336,48117,24495,44673.86019369369,394274.14
B000437,C0011,D008,H011,T002,2026-01-06,2026-01-21,3,3,Website,Confirmed,NetBanking,65124,53535,16032,18909.616679584364,115781.38
B000438,C0099,D019,H017,T006,2026-05-04,2026-07-04,1,4,Website,Confirmed,Card,54932,33217,9008,17234.3143231008,79922.69
B000439,C0062,D013,H021,T010,2026-04-16,2026-04-28,3,5,Agent,Confirmed,NetBanking,28275,56802,3963,10274.761665879658,78765.24
B000440,C0099,D003,H005,T005,2025-01-16,2025-02-27,2,4,Mobile App,Completed,Card,29424,38796,18242,2011.5747489619262,84450.43
B000441,C0036,D019,H027,T004,2025-05-15,2025-06-15,4,2,Corporate,Confirmed,NetBanking,23160,130728,39344,99.65401230880695,193132.35
B000442,C0096,D016,H007,T002,2025-05-12,2025-05-27,2,3,Corporate,Confirmed,NetBanking,56436,13550,21372,9079.551468685531,82278.45
B000443,C0059,D007,H025,T004,2025-09-05,2025-11-18,3,4,Corporate,Confirmed,NetBanking,27792,14142,33336,14289.740517000118,60980.26
B000444,C0008,D011,H020,T003,2025-03-19,2025-04-11,4,5,Agent,Confirmed,Wallet,121020,66268,18068,23518.26741339989,181837.73
B000445,C0042,D008,H005,T010,2026-04-11,2026-05-05,1,9,Corporate,Completed,Wallet,33102,12172,1033,3453.9385334903263,42853.06
B000446,C0014,D011,H022,T006,2026-02-28,2026-05-16,4,5,Website,Completed,Wallet,339520,33184,32060,2503.2238643477626,402260.78
B000447,C0095,D020,H006,T002,2026-03-17,2026-06-04,4,4,Mobile App,Completed,Wallet,163280,22012,6148,35032.73192874774,156407.27
B000448,C0031,D018,H018,T001,2025-04-19,2025-04-24,1,6,Website,Confirmed,Wallet,83382,30913,3723,7722.074960228885,110295.93
B000449,C0023,D005,H029,T009,2025-01-08,2025-02-03,1,7,Agent,Completed,UPI,113736,22078,8578,20352.843706137875,124039.16
B000450,C0056,D020,H029,T010,2026-05-12,2026-07-15,5,4,Agent,Confirmed,Card,324960,123225,36685,67322.9584375572,417547.04
B000451,C0043,D009,H027,T008,2025-06-07,2025-08-16,2,5,Mobile App,Completed,NetBanking,28950,10910,14952,2783.168768188762,52028.83
B000452,C0010,D015,H015,T002,2025-12-24,2026-03-23,5,2,Mobile App,Completed,Card,161570,64655,45690,3468.412133853626,268446.59
B000453,C0082,D016,H017,T001,2026-05-11,2026-06-30,3,8,Agent,Confirmed,NetBanking,329592,66891,7182,31082.235571313948,372582.76
B000454,C0085,D010,H010,T002,2025-01-20,2025-01-22,2,8,Website,Completed,UPI,228896,38362,19192,18168.43578273318,268281.56
B000455,C0075,D010,H028,T008,2025-01-03,2025-03-22,2,2,Agent,Confirmed,UPI,61056,49556,14490,17520.69520234514,107581.3
B000456,C0062,D010,H015,T008,2025-01-03,2025-01-19,4,4,Agent,Completed,NetBanking,258512,95708,21324,61572.87951001573,313971.12
B000457,C0041,D018,H024,T009,2025-03-27,2025-04-08,1,3,Website,Confirmed,Wallet,17109,15346,5832,1703.35353913501,36583.65
B000458,C0055,D008,H011,T001,2025-01-29,2025-03-31,3,9,Website,Confirmed,Card,195372,83175,19050,31439.996334451982,266157.0
B000459,C0053,D006,H023,T002,2026-03-23,2026-05-17,2,1,Mobile App,Confirmed,Card,34306,20394,13658,555.181082151991,67802.82
B000460,C0017,D008,H007,T010,2025-11-27,2025-12-04,1,2,Agent,Confirmed,NetBanking,18812,4184,4339,1171.3365839772364,26163.66
B000461,C0009,D004,H023,T010,2026-06-19,2026-07-05,2,3,Mobile App,Confirmed,Card,102918,64196,6128,26393.820805841664,146848.18
B000462,C0026,D008,H002,T008,2026-03-13,2026-05-05,3,6,Mobile App,Confirmed,UPI,292140,6762,7329,48592.632216337835,257638.37
B000463,C0046,D003,H004,T002,2026-06-09,2026-07-03,4,3,Agent,Completed,NetBanking,195276,44008,17672,39900.357062144314,217055.64
B000464,C0017,D002,H011,T001,2025-05-11,2025-07-12,1,5,Website,Confirmed,Wallet,36180,5334,3495,1281.7476231594103,43727.25
B000465,C0011,D015,H015,T001,2025-06-06,2025-07-14,5,7,Agent,Confirmed,NetBanking,565495,46330,32175,70973.27289793215,573026.73
B000466,C0086,D002,H022,T007,2026-04-08,2026-05-31,5,8,Website,Cancelled,Wallet,679040,73660,54945,68279.6674766252,739365.33
B000467,C0038,D012,H011,T009,2025-05-14,2025-06-26,4,1,Website,Cancelled,NetBanking,28944,23364,6972,11755.061534802593,47524.94
B000468,C0059,D016,H001,T007,2025-02-01,2025-03-07,5,2,Website,Confirmed,Wallet,154990,85670,20265,34132.63611680927,226792.36
B000469,C0053,D015,H010,T003,2025-12-31,2026-02-01,3,1,Mobile App,Confirmed,UPI,42918,97695,3195,26897.908471887404,116910.09
B000470,C0074,D009,H014,T008,2026-03-13,2026-05-15,5,9,Website,Completed,UPI,353385,30355,58545,12857.251930131364,429427.75
B000471,C0074,D004,H017,T001,2026-06-12,2026-07-29,4,6,Corporate,Completed,UPI,329592,130160,34232,44544.83658782871,449439.16
B000472,C0030,D019,H020,T009,2026-05-21,2026-07-14,3,5,Mobile App,Confirmed,Wallet,90765,45819,9828,22594.522389340087,123817.48
B000473,C0085,D017,H008,T009,2025-03-07,2025-04-28,1,8,Corporate,Completed,NetBanking,55344,21347,5263,6029.482448600723,75924.52
B000474,C0038,D013,H019,T008,2026-02-25,2026-03-17,3,6,Corporate,Confirmed,UPI,143190,48882,26445,27642.771810801285,190874.23
B000475,C0084,D002,H019,T009,2026-04-07,2026-06-28,5,3,Corporate,Confirmed,Wallet,119325,60535,57565,24298.17765516328,213126.82
B000476,C0041,D001,H024,T006,2026-01-16,2026-03-08,5,5,Corporate,Completed,Card,142575,25770,35495,40438.97815499912,163401.02
B000477,C0012,D007,H016,T005,2026-03-23,2026-05-27,3,7,Website,Completed,NetBanking,69930,64128,10845,5038.930534621983,139864.07
B000478,C0077,D004,H025,T004,2026-04-02,2026-06-20,2,1,Mobile App,Completed,UPI,4632,64416,17028,16102.214859847216,69973.79
B000479,C0004,D018,H007,T010,2025-09-01,2025-11-23,4,6,Agent,Confirmed,UPI,225744,75784,33544,26911.036526555654,308160.96
B000480,C0078,D005,H022,T007,2025-01-22,2025-03-23,1,5,Agent,Confirmed,Card,84880,21571,7905,10703.560732608377,103652.44
B000481,C0005,D006,H002,T002,2025-09-06,2025-11-16,1,1,Website,Confirmed,UPI,16230,23065,1028,4262.962751206204,36060.04
B000482,C0021,D020,H004,T010,2025-04-20,2025-06-02,3,3,Agent,Confirmed,NetBanking,146457,43545,25881,11457.625358273905,204425.37
B000483,C0061,D017,H026,T001,2025-03-03,2025-05-08,5,5,Corporate,Confirmed,UPI,94700,27700,3625,24288.985841005036,101736.01
B000484,C0095,D005,H015,T006,2025-03-10,2025-04-09,2,4,Corporate,Confirmed,UPI,129256,36962,21826,34279.94000423415,153764.06
B000485,C0041,D008,H019,T002,2026-01-16,2026-03-21,3,3,Mobile App,Confirmed,NetBanking,71595,91827,31926,38011.013103217854,157336.99
B000486,C0013,D011,H019,T007,2025-10-02,2025-10-11,2,6,Website,Completed,Card,95460,24050,13958,26611.372292732125,106856.63
B000487,C0024,D014,H021,T005,2025-10-22,2026-01-12,3,4,Mobile App,Confirmed,NetBanking,22620,92082,23787,18551.98907630353,119937.01
B000488,C0090,D019,H008,T005,2026-02-11,2026-03-06,1,5,Mobile App,Confirmed,NetBanking,34590,30120,1280,5961.345173644219,60028.65
B000489,C0073,D018,H006,T007,2025-10-26,2025-12-24,3,8,Mobile App,Completed,Wallet,244920,29100,31665,52011.31853577959,253673.68
B000490,C0011,D020,H002,T008,2025-12-10,2025-12-12,3,1,Mobile App,Confirmed,Wallet,48690,62289,10842,579.98680458012,121241.01
B000491,C0039,D001,H026,T004,2025-02-16,2025-03-03,2,4,Mobile App,Completed,UPI,30304,53086,7028,15089.02898298111,75328.97
B000492,C0027,D005,H007,T010,2026-04-09,2026-07-06,2,1,Website,Confirmed,NetBanking,18812,36158,17288,7186.5787074877835,65071.42
B000493,C0018,D012,H018,T005,2025-09-02,2025-11-16,4,9,Mobile App,Confirmed,NetBanking,500292,99712,45188,86871.2351428009,558320.76
B000494,C0085,D001,H014,T002,2025-03-26,2025-04-16,1,2,Mobile App,Completed,NetBanking,15706,32014,6181,4032.291350484501,49868.71
B000495,C0062,D008,H005,T001,2026-03-20,2026-04-02,1,8,Website,Completed,Wallet,29424,22513,6336,4296.155409056192,53976.84
B000496,C0018,D004,H013,T003,2026-02-05,2026-04-19,1,2,Corporate,Completed,UPI,16890,29572,6808,337.91454604719775,52932.09
B000497,C0066,D019,H003,T007,2025-01-29,2025-04-28,5,3,Agent,Completed,Card,81285,141660,19240,20527.088641690116,221657.91
B000498,C0042,D002,H006,T006,2025-04-16,2025-05-02,2,6,Corporate,Confirmed,Wallet,122460,57456,14720,15896.085435927347,178739.91
B000499,C0007,D003,H005,T004,2025-01-09,2025-03-10,1,8,Agent,Completed,Wallet,29424,30053,11551,3193.2924766970737,67834.71
B000500,C0045,D004,H025,T005,2025-05-28,2025-06-23,5,2,Website,Completed,UPI,23160,45285,24500,4597.492331830738,88347.51
B000501,C0019,D003,H018,T009,2025-02-24,2025-05-02,1,2,Corporate,Cancelled,Card,27794,2114,9390,4591.103446445965,34706.9
B000502,C0025,D012,H028,T006,2026-01-22,2026-03-01,2,8,Mobile App,Confirmed,Card,244224,13258,18798,17558.778828962782,258721.22
B000503,C0088,D008,H014,T001,2025-10-12,2025-10-25,1,3,Agent,Confirmed,UPI,23559,9863,10284,7257.397987101934,36448.6
B000504,C0072,D019,H007,T001,2026-06-19,2026-07-19,4,2,Mobile App,Completed,UPI,75248,98472,35280,4655.897466625379,204344.1
B000505,C0014,D006,H019,T005,2026-02-13,2026-04-03,4,7,Mobile App,Confirmed,NetBanking,222740,74332,44384,39448.06657554562,302007.93
B000506,C0086,D011,H028,T005,2025-11-30,2026-02-10,4,1,Mobile App,Confirmed,NetBanking,61056,68796,34856,5272.129383525454,159435.87
B000507,C0058,D014,H016,T009,2025-10-05,2025-10-08,2,8,Mobile App,Confirmed,NetBanking,53280,3608,23450,8487.559097110377,71850.44
B000508,C0088,D013,H001,T006,2025-01-30,2025-04-26,2,8,Agent,Confirmed,Card,247984,48808,17452,34726.84593976319,279517.15
B000509,C0075,D016,H010,T008,2025-02-08,2025-04-08,5,8,Agent,Confirmed,Wallet,572240,68510,50620,88813.07030665867,602556.93
B000510,C0034,D005,H028,T006,2025-12-02,2026-02-19,5,3,Website,Confirmed,NetBanking,228960,134905,53695,35695.1121966539,381864.89
B000511,C0054,D011,H016,T004,2025-01-03,2025-03-27,1,2,Website,Confirmed,Wallet,6660,5277,11809,2419.5971746158552,21326.4
B000512,C0054,D017,H029,T007,2025-01-24,2025-02-08,4,4,Corporate,Confirmed,Card,259968,45572,29388,12121.219559775083,322806.78
B000513,C0072,D018,H016,T007,2025-04-30,2025-05-10,5,4,Agent,Completed,UPI,66600,16660,43335,11723.08563997413,114871.91
B000514,C0025,D013,H001,T008,2026-04-27,2026-07-06,3,9,Corporate,Confirmed,Card,418473,33105,34863,36291.45510028316,450149.54
B000515,C0034,D014,H027,T002,2025-09-08,2025-09-26,4,6,Agent,Confirmed,NetBanking,69480,129728,19488,29136.041612700163,189559.96
B000516,C0025,D018,H023,T007,2026-01-22,2026-02-06,1,9,Agent,Confirmed,Card,154377,17942,1870,15148.232238825884,159040.77
B000517,C0030,D013,H022,T003,2025-08-13,2025-09-25,1,7,Corporate,Confirmed,Wallet,118832,16225,10669,22714.06828614872,123011.93
B000518,C0017,D019,H030,T008,2025-04-05,2025-06-26,1,7,Agent,Cancelled,UPI,29981,10663,7767,4124.5406968102025,44286.46
B000519,C0004,D003,H006,T008,2025-07-22,2025-10-02,1,2,Mobile App,Completed,NetBanking,20410,10373,5427,1707.4548346774086,34502.55
B000520,C0095,D007,H028,T007,2025-02-19,2025-04-07,5,1,Agent,Confirmed,Card,76320,119270,43720,13099.289466795775,226210.71
B000521,C0008,D003,H007,T010,2026-02-24,2026-03-15,4,1,Website,Confirmed,UPI,37624,138012,3500,1622.442816403082,177513.56
B000522,C0089,D002,H030,T006,2025-04-11,2025-05-12,4,6,Mobile App,Confirmed,NetBanking,102792,106060,23952,25139.051756626854,207664.95
B000523,C0001,D010,H006,T001,2025-07-25,2025-09-25,2,2,Agent,Confirmed,Wallet,40820,52378,7104,16667.802883394015,83634.2
B000524,C0078,D005,H017,T007,2026-06-19,2026-07-04,5,9,Website,Confirmed,NetBanking,617985,86565,19070,111308.92265746601,612311.08
B000525,C0033,D009,H024,T008,2025-11-19,2026-01-06,1,2,Agent,Confirmed,UPI,11406,4804,11647,2439.1002327581596,25417.9
B000526,C0052,D009,H003,T002,2025-09-07,2025-09-10,5,9,Agent,Confirmed,UPI,243855,128735,34125,15953.018048520056,390761.98
B000527,C0029,D013,H003,T002,2025-10-23,2025-11-22,1,7,Mobile App,Completed,Card,37933,28592,2114,11853.741740698773,56785.26
B000528,C0050,D019,H026,T003,2026-03-04,2026-03-27,1,1,Website,Confirmed,NetBanking,3788,18599,4694,307.53743659489953,26773.46
B000529,C0046,D017,H002,T009,2025-05-19,2025-07-19,1,1,Agent,Confirmed,Card,16230,4565,3290,1923.0558673004139,22161.94
B000530,C0053,D008,H019,T006,2025-12-13,2026-03-05,4,4,Corporate,Confirmed,Card,127280,101524,43816,46706.084023342555,225913.92
B000531,C0040,D007,H029,T010,2026-04-21,2026-05-05,2,4,Agent,Confirmed,Wallet,129984,64710,7698,15915.163223422025,186476.84
B000532,C0054,D016,H019,T009,2025-11-08,2026-01-19,3,3,Mobile App,Confirmed,UPI,71595,27108,13809,2652.4809931614154,109859.52
B000533,C0083,D003,H015,T006,2025-09-01,2025-10-30,3,5,Agent,Confirmed,UPI,242355,20523,13026,14675.306188681307,261228.69
B000534,C0044,D011,H013,T007,2025-03-21,2025-06-16,4,2,Mobile App,Confirmed,UPI,67560,105004,10080,21918.355471539813,160725.64
B000535,C0037,D009,H020,T004,2025-05-16,2025-08-06,2,2,Mobile App,Confirmed,Wallet,24204,25232,18944,2079.243073630951,66300.76
B000536,C0014,D004,H018,T001,2026-05-31,2026-06-10,1,7,Mobile App,Completed,Card,97279,25456,7128,17010.37326994577,112852.63
B000537,C0036,D013,H016,T004,2025-10-22,2025-12-28,2,9,Website,Completed,UPI,59940,50112,11050,10612.457238418212,110489.54
B000538,C0013,D007,H005,T006,2025-06-14,2025-08-07,2,3,Corporate,Confirmed,Card,22068,20862,10106,3546.9363131034397,49489.06
B000539,C0019,D004,H020,T002,2025-08-17,2025-08-28,4,9,Agent,Confirmed,Wallet,217836,11660,32664,12632.204794790528,249527.8
B000540,C0096,D014,H023,T003,2025-11-12,2025-12-06,4,4,Website,Completed,NetBanking,274448,80500,6408,59503.04607384742,301852.95
B000541,C0009,D004,H022,T001,2025-10-20,2026-01-11,1,4,Corporate,Completed,UPI,67904,15160,11215,7479.604618580407,86799.4
B000542,C0049,D014,H003,T008,2026-01-17,2026-03-07,4,1,Website,Confirmed,UPI,21676,120608,27980,25147.286735835747,145116.71
B000543,C0084,D004,H022,T009,2025-05-21,2025-06-21,1,4,Agent,Confirmed,UPI,67904,13492,3118,7443.235750111182,77070.76
B000544,C0096,D009,H022,T009,2025-12-20,2026-01-19,4,5,Website,Confirmed,Wallet,339520,39436,26740,7454.030050243773,398241.97
B000545,C0015,D017,H006,T004,2025-08-30,2025-11-13,2,6,Mobile App,Completed,UPI,122460,60630,20596,17944.980011583724,185741.02
B000546,C0017,D005,H026,T006,2026-05-28,2026-06-23,2,2,Agent,Confirmed,Card,15152,52310,4982,7355.786703035537,65088.21
B000547,C0038,D016,H016,T010,2025-03-28,2025-04-12,3,2,Corporate,Confirmed,Card,19980,66645,19572,9724.293484483229,96472.71
B000548,C0056,D015,H015,T006,2025-03-22,2025-05-13,2,4,Corporate,Confirmed,NetBanking,129256,66914,14744,34431.360878335036,176482.64
B000549,C0096,D019,H022,T003,2025-09-09,2025-12-07,4,1,Corporate,Confirmed,NetBanking,67904,110920,39260,39728.42112094,178355.58
B000550,C0021,D004,H016,T004,2025-10-05,2025-10-23,5,2,Website,Confirmed,Wallet,33300,152595,35120,34777.977780353336,186237.02
B000551,C0017,D015,H017,T008,2026-01-12,2026-02-05,5,6,Website,Completed,Card,411990,141330,44840,69719.36452530154,528440.64
B000552,C0026,D019,H010,T005,2025-08-09,2025-09-21,3,9,Corporate,Confirmed,Card,386262,44850,28188,49737.59337657226,409562.41
B000553,C0088,D016,H028,T009,2026-05-13,2026-06-01,3,6,Corporate,Confirmed,Card,274752,10764,32241,40966.25117680071,276790.75
B000554,C0004,D004,H030,T009,2025-09-16,2025-11-14,3,2,Mobile App,Confirmed,UPI,25698,65523,13974,6055.661606788,99139.34
B000555,C0039,D017,H004,T001,2025-03-12,2025-04-05,4,9,Website,Completed,NetBanking,585828,108492,34376,118317.90988023244,610378.09
B000556,C0012,D003,H022,T008,2025-03-06,2025-03-19,3,5,Agent,Confirmed,NetBanking,254640,104172,10080,63216.88758651394,305675.11
B000557,C0016,D012,H001,T004,2026-06-15,2026-07-09,3,7,Website,Confirmed,Card,325479,72999,30627,22932.84416142788,406172.16
B000558,C0092,D010,H012,T006,2025-03-15,2025-06-06,3,2,Website,Confirmed,Wallet,75108,61626,34317,30885.591464113684,140165.41
B000559,C0001,D011,H030,T003,2026-06-01,2026-08-24,2,6,Corporate,Completed,UPI,51396,41572,7766,17099.24844371533,83634.75
B000560,C0033,D011,H006,T004,2025-06-01,2025-07-17,3,1,Mobile App,Completed,Wallet,30615,16059,20862,5733.627665739763,61802.37
B000561,C0092,D001,H012,T004,2025-02-20,2025-03-29,4,6,Website,Completed,NetBanking,300432,6988,39824,63128.973235098674,284115.03
B000562,C0061,D011,H007,T001,2025-06-16,2025-08-29,3,2,Agent,Completed,UPI,56436,9063,2436,1636.4046089169613,66298.6
B000563,C0008,D019,H022,T008,2025-12-02,2025-12-21,5,9,Mobile App,Confirmed,NetBanking,763920,159065,43035,5407.115185396387,960612.88
B000564,C0047,D009,H014,T002,2025-08-22,2025-10-20,5,1,Agent,Confirmed,Wallet,39265,139875,49690,15920.473140137492,212909.53
B000565,C0098,D006,H018,T004,2026-03-05,2026-05-05,3,6,Corporate,Confirmed,Card,250146,30645,31557,35322.541931464715,277025.46
B000566,C0041,D020,H029,T002,2025-11-29,2026-02-01,5,2,Website,Completed,Card,162480,78455,13810,17905.649767835,236839.35
B000567,C0053,D002,H016,T002,2025-08-07,2025-08-28,1,7,Agent,Completed,Wallet,23310,17701,9207,9461.751489901666,40756.25
B000568,C0054,D010,H023,T004,2025-12-12,2026-02-15,5,5,Corporate,Confirmed,UPI,428825,48840,47695,26762.913187282204,498597.09
B000569,C0067,D011,H003,T010,2026-06-14,2026-08-08,2,9,Mobile App,Completed,UPI,97542,31318,1064,7307.273789827044,122616.73
B000570,C0019,D010,H007,T010,2025-08-13,2025-10-31,3,6,Corporate,Confirmed,NetBanking,169308,39441,25827,29783.064408064387,204792.94
B000571,C0084,D019,H029,T004,2025-03-25,2025-04-11,2,4,Mobile App,Confirmed,Wallet,129984,49550,15402,150.64195363264602,194785.36
B000572,C0099,D009,H026,T006,2025-08-11,2025-10-05,3,1,Mobile App,Confirmed,NetBanking,11364,80613,34923,18465.397988759727,108434.6
B000573,C0015,D020,H020,T010,2026-04-03,2026-06-17,2,6,Corporate,Completed,UPI,72612,9594,1988,6356.133131909056,77837.87
B000574,C0082,D002,H012,T003,2025-04-29,2025-05-25,4,4,Agent,Completed,NetBanking,200288,68340,46416,61606.71984276291,253437.28
B000575,C0082,D015,H006,T010,2026-06-02,2026-08-08,1,1,Corporate,Confirmed,Card,10205,34706,7071,7188.253864174479,44793.75
B000576,C0075,D012,H026,T002,2025-11-17,2025-11-27,5,6,Corporate,Cancelled,Wallet,113640,152970,18275,2975.051495726662,281909.95
B000577,C0038,D005,H024,T003,2025-11-24,2026-01-28,5,2,Agent,Completed,NetBanking,57030,140455,24780,4117.583982006954,218147.42
B000578,C0047,D005,H008,T004,2025-06-22,2025-08-16,3,3,Website,Completed,Card,62262,78360,27942,2972.3937551127724,165591.61
B000579,C0084,D015,H018,T001,2026-05-17,2026-06-04,3,1,Mobile App,Completed,NetBanking,41691,4932,35862,15715.409421437396,66769.59
B000580,C0016,D013,H019,T009,2025-01-20,2025-01-27,4,4,Corporate,Confirmed,NetBanking,127280,136516,16572,38357.23250161853,242010.77
B000581,C0083,D013,H015,T009,2025-06-12,2025-08-18,1,2,Agent,Completed,NetBanking,32314,26128,11812,6008.206487215378,64245.79
B000582,C0093,D002,H028,T004,2025-08-17,2025-09-09,4,1,Mobile App,Completed,Card,61056,125056,30940,8703.0337607681,208348.97
B000583,C0069,D012,H004,T009,2025-09-18,2025-11-02,2,4,Mobile App,Completed,NetBanking,130184,63894,5416,34857.17751509283,164636.82
B000584,C0035,D020,H008,T008,2025-09-16,2025-09-23,4,2,Corporate,Confirmed,UPI,55344,40108,29496,5036.80201013573,119911.2
B000585,C0056,D001,H003,T009,2025-03-22,2025-06-16,2,2,Website,Completed,Card,21676,3924,19440,6365.766382014163,38674.23
B000586,C0006,D010,H021,T009,2025-05-03,2025-06-22,4,5,Website,Cancelled,Card,37700,94312,4508,20841.80836763413,115678.19
B000587,C0094,D010,H020,T006,2025-02-21,2025-05-15,4,1,Corporate,Confirmed,NetBanking,24204,67500,5628,5735.89328809492,91596.11
B000588,C0035,D018,H030,T002,2025-11-08,2025-11-24,2,9,Mobile App,Cancelled,Wallet,77094,4376,1118,8339.9796626898,74248.02
B000589,C0006,D006,H017,T010,2025-07-11,2025-07-31,4,5,Corporate,Confirmed,Wallet,274660,42288,28236,15394.466485558496,329789.53
B000590,C0080,D010,H005,T007,2025-11-05,2025-12-30,3,9,Agent,Confirmed,Card,99306,104106,3492,15680.412369234478,191223.59
B000591,C0066,D015,H014,T010,2025-11-18,2026-01-12,2,8,Corporate,Confirmed,NetBanking,125648,27344,22438,33862.70549805239,141567.29
B000592,C0063,D002,H003,T010,2026-01-18,2026-03-30,3,9,Agent,Completed,UPI,146313,30729,5913,25362.61382604026,157592.39
B000593,C0006,D017,H021,T002,2025-10-26,2026-01-17,5,5,Corporate,Completed,Card,47125,117135,6615,28933.040496560858,141941.96
B000594,C0076,D017,H021,T005,2025-12-20,2026-03-04,1,4,Corporate,Confirmed,NetBanking,7540,23770,3463,3759.653779722597,31013.35
B000595,C0064,D015,H026,T002,2025-11-16,2025-11-30,5,7,Website,Completed,NetBanking,132580,63125,46380,11573.587195742211,230511.41
B000596,C0080,D013,H011,T001,2025-12-22,2026-01-20,5,1,Corporate,Confirmed,Wallet,36180,149730,54645,34297.36278411535,206257.64
B000597,C0083,D015,H010,T010,2025-12-03,2026-02-23,3,8,Agent,Confirmed,Card,343344,62820,10158,41679.49091445004,374642.51
B000598,C0022,D016,H003,T010,2025-06-22,2025-08-11,4,3,Website,Completed,Wallet,65028,27500,25856,4187.215280397208,114196.78
B000599,C0022,D019,H013,T010,2025-05-15,2025-08-01,2,1,Website,Completed,Wallet,16890,24772,18796,4986.937253307551,55471.06
B000600,C0093,D009,H015,T009,2026-03-06,2026-04-26,1,3,Mobile App,Completed,NetBanking,48471,29903,9664,11178.012640351508,76859.99
B000601,C0054,D010,H023,T007,2025-07-06,2025-07-12,3,3,Website,Completed,UPI,154377,13476,6774,25681.759227369843,148945.24
B000602,C0044,D013,H023,T006,2025-10-27,2025-12-09,5,1,Mobile App,Cancelled,Card,85765,9550,50700,7102.776902385942,138912.22
B000603,C0029,D004,H005,T010,2025-04-18,2025-07-01,2,7,Corporate,Confirmed,Wallet,51492,46984,20946,20922.670851955165,98499.33
B000604,C0064,D018,H009,T006,2025-08-24,2025-10-22,4,1,Mobile App,Confirmed,NetBanking,8632,65224,35804,8324.314880361839,101335.69
B000605,C0076,D016,H016,T007,2025-10-16,2025-10-29,4,8,Website,Confirmed,Wallet,106560,39876,26252,9364.411507892588,163323.59
B000606,C0001,D013,H011,T003,2025-12-08,2025-12-28,4,5,Mobile App,Completed,Wallet,144720,69252,20000,9130.52592292378,224841.47
B000607,C0056,D007,H001,T008,2025-10-14,2025-12-30,2,7,Website,Completed,UPI,216986,15300,21456,40810.408546815874,212931.59
B000608,C0100,D007,H026,T009,2025-07-16,2025-10-12,2,4,Corporate,Completed,Wallet,30304,28064,20868,5612.516852402186,73623.48
B000609,C0029,D009,H022,T007,2026-06-09,2026-08-16,3,2,Website,Confirmed,Card,101856,28005,19377,14428.300824787919,134809.7
B000610,C0029,D014,H016,T005,2025-10-07,2025-10-17,5,2,Corporate,Confirmed,Wallet,33300,105715,45165,8207.791020798923,175972.21
B000611,C0088,D016,H010,T002,2026-03-17,2026-05-12,5,6,Mobile App,Completed,NetBanking,429180,120330,25490,78900.47318442713,496099.53
B000612,C0007,D014,H026,T001,2026-02-06,2026-04-21,3,7,Website,Cancelled,Card,79548,96441,27138,31729.79459518018,171397.21
B000613,C0040,D019,H002,T007,2025-11-01,2025-12-29,5,3,Agent,Confirmed,UPI,243450,18845,7635,18324.2114899951,251605.79
B000614,C0046,D020,H014,T007,2026-04-29,2026-06-22,3,4,Mobile App,Confirmed,UPI,94236,37362,32604,31036.785047350993,133165.21
B000615,C0080,D015,H025,T008,2025-03-11,2025-04-23,2,9,Corporate,Confirmed,NetBanking,41688,20716,12856,460.7508951006737,74799.25
B000616,C0013,D008,H029,T010,2026-05-17,2026-06-09,1,8,Agent,Confirmed,NetBanking,129984,20905,7384,4208.260756898438,154064.74
B000617,C0044,D012,H008,T005,2026-04-09,2026-05-05,4,4,Corporate,Confirmed,NetBanking,110688,77436,10712,23414.411641472354,175421.59
B000618,C0016,D009,H020,T009,2025-10-02,2025-12-08,4,3,Mobile App,Confirmed,UPI,72612,123576,26312,31212.6053611529,191287.39
B000619,C0079,D013,H006,T008,2026-02-04,2026-02-12,5,3,Website,Completed,NetBanking,153075,161435,2680,15902.827488475685,301287.17
B000620,C0064,D017,H004,T003,2025-10-11,2025-10-20,4,5,Website,Confirmed,UPI,325460,109580,42944,52967.42383530286,425016.58
B000621,C0050,D008,H011,T009,2025-05-27,2025-07-02,1,6,Mobile App,Confirmed,UPI,43416,8163,9111,3864.5722666056613,56825.43
B000622,C0040,D011,H027,T001,2026-03-12,2026-05-21,3,2,Mobile App,Confirmed,Card,17370,8592,17178,4780.682011223081,38359.32
B000623,C0016,D001,H021,T006,2025-05-15,2025-07-13,4,1,Corporate,Completed,NetBanking,7540,126484,40448,23006.843718976932,151465.16
B000624,C0093,D015,H015,T010,2025-06-21,2025-08-13,3,5,Mobile App,Confirmed,NetBanking,242355,99249,29499,72202.39742072759,298900.6
B000625,C0065,D010,H009,T007,2025-10-11,2025-11-29,3,8,Corporate,Confirmed,Wallet,51792,29661,5607,7934.593726688851,79125.41
B000626,C0032,D010,H005,T010,2026-04-02,2026-04-13,5,2,Website,Confirmed,Wallet,36780,15310,5595,7478.468456610918,50206.53
B000627,C0042,D011,H009,T001,2025-07-29,2025-08-29,4,4,Mobile App,Completed,Card,34528,97200,13660,16807.994035316613,128580.01
B000628,C0073,D005,H005,T006,2025-09-27,2025-10-05,4,2,Corporate,Completed,Wallet,29424,84892,2056,7390.899622296928,108981.1
B000629,C0072,D012,H006,T008,2025-01-23,2025-04-01,3,3,Website,Confirmed,UPI,91845,93825,21273,10473.97012118427,196469.03
B000630,C0047,D015,H021,T007,2025-03-05,2025-05-12,2,6,Mobile App,Confirmed,Wallet,22620,41548,13150,15276.03769277171,62041.96
B000631,C0031,D007,H004,T009,2025-01-31,2025-02-24,3,3,Corporate,Confirmed,Card,146457,80913,20058,10236.213230216508,237191.79
B000632,C0066,D003,H002,T005,2025-02-09,2025-03-08,5,3,Agent,Completed,Wallet,243450,139220,6730,61546.63779974157,327853.36
B000633,C0066,D008,H017,T007,2026-04-19,2026-05-18,4,9,Corporate,Completed,Wallet,494388,7312,44236,16005.466780862038,529930.53
B000634,C0060,D004,H009,T005,2026-04-04,2026-06-23,4,2,Agent,Confirmed,NetBanking,17264,25888,46920,14489.905506781319,75582.09
B000635,C0008,D008,H014,T009,2026-03-24,2026-05-07,1,2,Corporate,Confirmed,Wallet,15706,27630,7291,1880.57477664637,48746.43
B000636,C0048,D013,H005,T002,2025-01-31,2025-04-10,5,9,Corporate,Completed,UPI,165510,37540,2815,39820.74050407764,166044.26
B000637,C0062,D003,H007,T003,2025-02-12,2025-03-25,2,5,Corporate,Completed,UPI,94060,16810,10106,16597.608548351764,104378.39
B000638,C0096,D015,H014,T001,2025-06-02,2025-08-04,5,1,Website,Confirmed,NetBanking,39265,133475,43790,3902.6606606254454,212627.34
B000639,C0053,D005,H021,T008,2025-11-05,2025-12-23,3,4,Agent,Confirmed,NetBanking,22620,25050,27330,10397.656791885163,64602.34
B000640,C0035,D018,H013,T003,2025-07-02,2025-07-28,5,6,Website,Confirmed,UPI,253350,32540,16490,36504.56924997713,265875.43
B000641,C0056,D015,H017,T004,2025-09-23,2025-12-11,5,3,Website,Completed,NetBanking,205995,9755,49805,17927.41870816283,247627.58
B000642,C0018,D006,H016,T009,2025-04-05,2025-06-08,4,5,Mobile App,Completed,UPI,66600,68904,46504,9491.207495940824,172516.79
B000643,C0010,D012,H009,T004,2026-02-03,2026-04-13,5,6,Agent,Completed,Wallet,64740,114165,31745,30281.39173504965,180368.61
B000644,C0068,D003,H009,T002,2025-06-21,2025-09-14,4,3,Mobile App,Completed,UPI,25896,104040,19548,22164.33269480755,127319.67
B000645,C0099,D002,H013,T001,2025-02-06,2025-03-01,5,8,Corporate,Confirmed,Card,337800,159180,32750,34666.15087312544,495063.85
B000646,C0085,D020,H001,T003,2026-02-09,2026-02-19,1,5,Mobile App,Confirmed,Wallet,77495,23316,813,17809.140782390743,83814.86
B000647,C0059,D017,H021,T010,2026-05-08,2026-06-30,1,9,Agent,Confirmed,NetBanking,16965,26840,6519,2705.692192668887,47618.31
B000648,C0005,D004,H019,T006,2025-01-09,2025-02-08,3,1,Corporate,Completed,NetBanking,23865,25665,2427,725.9891960746512,51231.01
B000649,C0099,D006,H010,T010,2025-08-26,2025-10-05,5,3,Corporate,Completed,NetBanking,214590,64520,4500,34025.70389430992,249584.3
B000650,C0045,D004,H012,T003,2026-03-27,2026-04-18,4,7,Website,Confirmed,Wallet,350504,46728,27452,9094.231830484414,415589.77
B000651,C0029,D008,H010,T004,2026-01-20,2026-02-26,3,9,Agent,Confirmed,Card,386262,11034,19122,23041.579262744253,393376.42
B000652,C0090,D006,H020,T002,2026-04-12,2026-05-18,3,2,Website,Completed,Wallet,36306,101880,35541,17622.3941010252,156104.61
B000653,C0075,D007,H023,T004,2025-08-15,2025-09-16,4,9,Agent,Completed,NetBanking,617508,38328,25352,39012.94768686457,642175.05
B000654,C0075,D011,H004,T006,2025-07-22,2025-09-27,5,2,Mobile App,Completed,Wallet,162730,82650,58835,13081.022461862762,291133.98
B000655,C0028,D004,H013,T009,2026-01-22,2026-03-17,5,4,Corporate,Confirmed,NetBanking,168900,67285,48905,40094.225987090605,244995.77
B000656,C0100,D018,H001,T004,2025-03-25,2025-05-07,1,3,Corporate,Completed,UPI,46497,2989,4378,5892.71450505865,47971.29
B000657,C0046,D015,H014,T008,2025-05-11,2025-05-22,3,4,Corporate,Completed,NetBanking,94236,95286,33450,37448.649008972316,185523.35
B000658,C0054,D016,H008,T007,2025-11-24,2026-01-15,2,9,Corporate,Completed,Wallet,124524,17712,12102,17941.47131198742,136396.53
B000659,C0076,D004,H011,T003,2025-12-31,2026-01-17,4,7,Mobile App,Completed,UPI,202608,19456,29364,24310.433112371513,227117.57
B000660,C0066,D015,H014,T010,2025-03-07,2025-04-05,3,8,Agent,Completed,Wallet,188472,38913,4965,12140.58265935333,220209.42
B000661,C0018,D017,H010,T005,2025-10-05,2025-11-12,5,3,Website,Completed,UPI,214590,31580,14720,41328.41323051371,219561.59
B000662,C0031,D004,H012,T002,2025-07-18,2025-08-01,3,9,Agent,Completed,Wallet,337986,104946,19515,18208.48145951319,444238.52
B000663,C0037,D016,H023,T010,2025-10-01,2025-11-06,4,4,Website,Confirmed,Wallet,274448,31324,14476,15514.632831466528,304733.37
B000664,C0095,D008,H025,T010,2026-06-07,2026-07-02,1,6,Agent,Confirmed,UPI,13896,11640,7396,5543.039133654421,27388.96
B000665,C0072,D016,H001,T001,2025-02-11,2025-04-28,5,7,Corporate,Completed,NetBanking,542465,52920,7090,89309.9933877413,513165.01
B000666,C0037,D010,H012,T010,2026-06-27,2026-09-12,1,6,Agent,Completed,UPI,75108,2384,3387,9913.718983034929,70965.28
B000667,C0074,D017,H026,T010,2025-09-03,2025-09-05,2,6,Corporate,Confirmed,NetBanking,45456,3864,16298,510.777477830675,65107.22
B000668,C0074,D003,H016,T009,2026-02-25,2026-04-21,5,5,Website,Confirmed,Wallet,83250,93410,37695,5455.661353484509,208899.34
B000669,C0040,D008,H007,T003,2025-08-20,2025-10-17,5,6,Corporate,Completed,UPI,282180,46480,59060,38768.701292788006,348951.3
B000670,C0041,D006,H018,T007,2025-06-19,2025-07-24,3,9,Agent,Completed,UPI,375219,12900,32538,62790.5385071085,357866.46
B000671,C0090,D005,H005,T006,2026-02-24,2026-04-08,3,4,Agent,Cancelled,Card,44136,33783,29466,9967.49426024779,97417.51
B000672,C0057,D007,H001,T007,2026-01-10,2026-03-22,1,5,Corporate,Confirmed,Card,77495,10681,510,306.72983264989057,88379.27
B000673,C0015,D008,H019,T007,2025-03-20,2025-04-24,5,2,Agent,Completed,UPI,79550,78530,37140,7194.6378279473865,188025.36
B000674,C0072,D003,H016,T007,2026-01-20,2026-01-27,1,4,Mobile App,Completed,Card,13320,34744,3132,6028.4999907513375,45167.5
B000675,C0059,D015,H023,T006,2026-02-15,2026-03-21,1,7,Agent,Confirmed,Card,120071,11780,3569,18802.174844589557,116617.83
B000676,C0051,D012,H011,T007,2025-07-31,2025-08-24,3,6,Agent,Confirmed,UPI,130248,75315,8742,1432.770911144934,212872.23
B000677,C0073,D017,H026,T006,2026-05-20,2026-06-24,1,2,Corporate,Cancelled,Card,7576,27244,5742,351.5245167729629,40210.48
B000678,C0091,D015,H013,T001,2025-12-16,2026-01-07,1,5,Mobile App,Confirmed,UPI,42225,3197,1924,2474.397745279392,44871.6
B000679,C0034,D003,H023,T001,2025-07-01,2025-07-16,4,8,Agent,Completed,Wallet,548896,73176,26460,10830.704302487946,637701.3
B000680,C0042,D002,H004,T010,2025-01-06,2025-04-04,4,2,Agent,Completed,Wallet,130184,66124,9640,22322.548525551814,183625.45
B000681,C0019,D009,H003,T010,2026-01-03,2026-01-16,2,1,Website,Completed,Card,10838,37014,12510,1493.3798069738295,58868.62
B000682,C0065,D010,H024,T006,2025-04-24,2025-06-27,4,4,Website,Confirmed,Wallet,91248,28996,30788,19580.372517766325,131451.63
B000683,C0041,D005,H026,T002,2026-02-17,2026-04-23,4,6,Website,Completed,Card,90912,68316,10264,26346.69476401631,143145.31
B000684,C0035,D016,H029,T008,2025-10-14,2025-12-09,2,3,Agent,Confirmed,Wallet,97488,11236,3360,21755.877947998226,90328.12
B000685,C0070,D012,H010,T002,2025-09-12,2025-12-03,4,8,Mobile App,Completed,UPI,457792,132740,39084,119426.43951169825,510189.56
B000686,C0041,D015,H001,T004,2025-03-31,2025-04-02,3,8,Corporate,Confirmed,Card,371976,63498,26979,25283.706764351024,437169.29
B000687,C0047,D003,H030,T004,2026-01-23,2026-02-20,5,5,Agent,Completed,NetBanking,107075,13280,17530,811.0286115392371,137073.97
B000688,C0045,D017,H019,T001,2025-04-01,2025-04-19,1,4,Website,Completed,UPI,31820,18439,10700,4016.1278563914525,56942.87
B000689,C0026,D005,H008,T009,2025-08-16,2025-10-07,2,1,Website,Confirmed,Wallet,13836,65064,6086,12042.17827378271,72943.82
B000690,C0013,D009,H023,T006,2026-04-01,2026-05-28,2,8,Mobile App,Confirmed,Card,274448,52772,22310,4180.463335406132,345349.54
B000691,C0083,D009,H028,T004,2026-05-17,2026-08-06,2,9,Corporate,Completed,Card,274752,21286,3604,21557.00403399645,278085.0
B000692,C0010,D017,H009,T006,2026-06-24,2026-07-29,5,4,Website,Confirmed,Card,43160,156960,40460,14340.230289766974,226239.77
B000693,C0033,D006,H024,T001,2026-06-07,2026-06-29,4,5,Website,Confirmed,Wallet,114060,30860,2880,6483.856994808953,141316.14
B000694,C0067,D005,H024,T005,2025-10-31,2026-01-22,3,7,Website,Confirmed,UPI,119763,29289,8310,22223.629565174375,135138.37
B000695,C0014,D007,H016,T006,2025-04-20,2025-06-20,3,7,Mobile App,Cancelled,Wallet,69930,20076,15462,13902.728585182138,91565.27
B000696,C0066,D008,H019,T004,2026-04-03,2026-06-11,5,2,Corporate,Completed,Wallet,79550,162100,7400,26672.96082385064,222377.04
B000697,C0074,D004,H009,T009,2026-03-13,2026-04-23,3,7,Agent,Confirmed,Wallet,45318,76548,17265,25343.39727870807,113787.6
B000698,C0067,D004,H028,T003,2026-06-24,2026-08-04,2,9,Mobile App,Cancelled,Wallet,274752,37704,6336,6575.968227917804,312216.03
B000699,C0031,D005,H030,T002,2025-12-21,2026-01-26,1,7,Website,Confirmed,Wallet,29981,23875,1637,1661.3408267929829,53831.66
B000700,C0002,D010,H030,T006,2025-03-19,2025-05-25,2,5,Mobile App,Confirmed,NetBanking,42830,20340,23124,6617.881323712007,79676.12
B000701,C0089,D007,H023,T009,2025-10-02,2025-10-22,4,5,Agent,Confirmed,Card,343060,15468,47164,53217.22027687278,352474.78
B000702,C0033,D008,H002,T004,2025-09-02,2025-11-28,3,3,Mobile App,Confirmed,Card,146070,89499,34698,31571.471615458162,238695.53
B000703,C0081,D015,H011,T001,2026-04-05,2026-04-22,3,6,Agent,Confirmed,Wallet,130248,101403,6816,3531.347510483067,234935.65
B000704,C0020,D005,H014,T010,2025-08-02,2025-09-13,3,3,Corporate,Completed,Card,70677,8070,14676,17907.784088081247,75515.22
B000705,C0017,D019,H029,T005,2025-06-29,2025-07-28,5,4,Website,Confirmed,NetBanking,324960,16155,21325,22113.538415653347,340326.46
B000706,C0078,D016,H017,T002,2025-02-13,2025-04-12,5,3,Mobile App,Completed,UPI,205995,101215,21230,23580.193054183874,304859.81
B000707,C0094,D004,H017,T007,2026-04-01,2026-06-01,1,4,Website,Confirmed,Card,54932,2941,5290,7878.065799395952,55284.93
B000708,C0087,D007,H005,T004,2026-02-16,2026-05-09,1,4,Agent,Confirmed,Card,14712,25674,6365,8837.48662135201,37913.51
B000709,C0076,D004,H024,T010,2025-01-23,2025-04-04,2,1,Mobile App,Confirmed,Card,11406,66338,12158,11915.399614372473,77986.6
B000710,C0025,D006,H011,T003,2025-08-25,2025-09-17,5,7,Mobile App,Completed,NetBanking,253260,54395,19270,62427.85415247663,264497.15
B000711,C0092,D008,H003,T006,2025-09-19,2025-10-09,3,4,Website,Completed,NetBanking,65028,34080,35301,5042.786937908352,129366.21
B000712,C0067,D003,H030,T006,2025-09-13,2025-12-02,5,9,Website,Confirmed,Card,192735,152130,58830,49962.0948553458,353732.91
B000713,C0018,D001,H006,T003,2026-05-16,2026-06-29,4,2,Mobile App,Confirmed,UPI,81640,53728,17236,25298.046883177714,127305.95
B000714,C0013,D009,H001,T005,2025-03-24,2025-04-03,3,7,Agent,Confirmed,NetBanking,325479,28647,9132,36981.44205786385,326276.56
B000715,C0088,D015,H003,T002,2025-06-16,2025-08-29,2,2,Website,Completed,UPI,21676,8646,13252,3156.2711501175363,40417.73
B000716,C0028,D007,H014,T007,2025-04-09,2025-06-07,2,5,Website,Confirmed,Wallet,78530,59270,9490,29009.01677767904,118280.98
B000717,C0077,D018,H004,T008,2025-05-14,2025-05-18,1,5,Mobile App,Completed,Wallet,81365,32517,11852,3545.380451486742,122188.62
B000718,C0014,D008,H026,T010,2026-05-10,2026-07-19,3,5,Agent,Confirmed,UPI,56820,12393,16311,7028.867382472166,78495.13
B000719,C0029,D019,H016,T004,2026-05-28,2026-07-22,2,6,Mobile App,Confirmed,Card,39960,56796,1914,17235.157633032068,81434.84
B000720,C0029,D005,H010,T003,2025-01-25,2025-03-22,2,8,Mobile App,Completed,UPI,228896,13714,3876,44391.17945665169,202094.82
B000721,C0029,D011,H001,T006,2025-12-11,2026-02-27,1,3,Website,Confirmed,Card,46497,6151,1357,10589.10707894712,43415.89
B000722,C0068,D016,H015,T007,2025-05-07,2025-06-21,4,8,Agent,Confirmed,UPI,517024,57048,19608,105063.2637151036,488616.74
B000723,C0092,D002,H005,T010,2025-04-15,2025-05-27,5,2,Corporate,Cancelled,Wallet,36780,80645,20695,1407.636869301884,136712.36
B000724,C0092,D019,H030,T001,2025-06-09,2025-08-04,3,3,Corporate,Confirmed,UPI,38547,90330,31056,29740.069116984618,130192.93
B000725,C0075,D008,H009,T003,2025-04-16,2025-05-05,3,3,Agent,Confirmed,NetBanking,19422,74823,32223,10829.889672566664,115638.11
B000726,C0021,D010,H015,T003,2025-09-25,2025-10-10,5,9,Agent,Confirmed,NetBanking,727065,31715,10570,100264.64437394428,669085.36
B000727,C0097,D013,H001,T003,2026-06-27,2026-09-11,3,2,Mobile App,Confirmed,UPI,92994,63198,34086,15004.40476667622,175273.6
B000728,C0055,D013,H004,T005,2025-11-16,2025-12-06,4,4,Website,Completed,Wallet,260368,123308,28864,67134.12566523068,345405.87
B000729,C0055,D001,H007,T009,2026-01-30,2026-03-17,3,4,Mobile App,Confirmed,UPI,112872,71040,12084,22575.57489643137,173420.43
B000730,C0071,D018,H002,T001,2025-09-26,2025-10-21,3,8,Agent,Cancelled,Wallet,389520,27588,15528,73162.61039519885,359473.39
B000731,C0077,D013,H022,T009,2025-01-08,2025-01-30,3,5,Agent,Completed,NetBanking,254640,17445,16725,11192.627737982557,277617.37
B000732,C0096,D020,H029,T007,2025-02-15,2025-04-10,4,9,Corporate,Cancelled,NetBanking,584928,66636,9844,24469.85974713008,636938.14
B000733,C0059,D010,H030,T007,2025-05-27,2025-08-07,4,7,Corporate,Completed,Wallet,119924,69272,41900,20353.863467807587,210742.14
B000734,C0062,D013,H008,T007,2025-05-13,2025-06-22,3,7,Website,Completed,Card,145278,39948,1923,177.849377636654,186971.15
B000735,C0075,D009,H024,T002,2026-04-04,2026-04-18,1,7,Website,Completed,Card,39921,5160,1301,6427.181150799648,39954.82
B000736,C0026,D018,H016,T008,2026-04-05,2026-04-28,5,2,Mobile App,Confirmed,UPI,33300,27285,18215,4665.8067502542535,74134.19
B000737,C0031,D017,H002,T003,2026-04-11,2026-04-27,5,5,Corporate,Confirmed,Wallet,405750,96105,10755,57135.44357259783,455474.56
B000738,C0063,D019,H003,T006,2025-12-14,2026-03-03,1,6,Corporate,Completed,Card,32514,33134,1211,936.0736097703524,65922.93
B000739,C0007,D011,H017,T007,2025-10-31,2025-11-30,2,2,Website,Confirmed,Wallet,54932,43060,9818,3679.433677009647,104130.57
B000740,C0033,D016,H013,T007,2025-12-20,2026-01-23,5,2,Website,Completed,Card,84450,80890,24160,23606.362543831256,165893.64
B000741,C0072,D008,H001,T004,2025-08-10,2025-08-18,2,2,Agent,Confirmed,Wallet,61996,65396,3888,8025.477937427548,123254.52
B000742,C0098,D010,H028,T004,2026-01-01,2026-02-11,5,8,Agent,Completed,Wallet,610560,123130,49085,33615.79372149389,749159.21
B000743,C0052,D016,H022,T005,2026-03-09,2026-05-30,4,6,Corporate,Confirmed,Card,407424,102200,42596,25274.72293521312,526945.28
B000744,C0040,D002,H016,T001,2026-02-20,2026-03-30,5,3,Corporate,Cancelled,Card,49950,103855,43880,8493.313223151916,189191.69
B000745,C0045,D015,H030,T008,2025-12-01,2026-01-29,1,7,Website,Confirmed,Wallet,29981,27056,6505,7915.439005743179,55626.56
B000746,C0069,D001,H030,T001,2025-02-01,2025-02-19,3,7,Website,Confirmed,UPI,89943,54921,34182,6004.8882371796835,173041.11
B000747,C0055,D012,H030,T005,2026-01-31,2026-02-14,3,8,Agent,Completed,UPI,102792,67017,13590,13303.996713446542,170095.0
B000748,C0003,D010,H008,T007,2025-07-19,2025-09-23,5,9,Agent,Completed,Card,311310,110775,27050,61790.81347566303,387344.19
B000749,C0054,D010,H027,T001,2026-02-10,2026-02-17,2,8,Corporate,Completed,NetBanking,46320,53426,1346,10385.60690587774,90706.39
B000750,C0041,D010,H016,T010,2025-10-22,2025-12-02,2,2,Agent,Cancelled,UPI,13320,63188,17278,11203.316749309906,82582.68
B000751,C0071,D010,H022,T004,2026-04-26,2026-05-25,1,7,Agent,Confirmed,Card,118832,11357,1563,6611.499271661559,125140.5
B000752,C0088,D009,H026,T001,2025-07-04,2025-07-07,4,4,Mobile App,Completed,Wallet,60608,99704,32604,35987.12449430777,156928.88
B000753,C0097,D010,H005,T007,2026-05-23,2026-07-10,5,4,Website,Confirmed,UPI,73560,12800,47485,11079.133598179988,122765.87
B000754,C0062,D012,H014,T006,2026-04-06,2026-07-01,1,6,Corporate,Confirmed,UPI,47118,19338,2996,3986.043865119972,65465.96
B000755,C0037,D016,H004,T007,2025-06-30,2025-07-08,2,6,Corporate,Confirmed,Card,195276,63212,15076,49478.217643154385,224085.78
B000756,C0045,D012,H009,T008,2025-09-21,2025-12-03,2,4,Website,Confirmed,UPI,17264,46226,7982,9366.971876435255,62105.03
B000757,C0018,D013,H013,T005,2025-10-17,2025-12-05,5,9,Agent,Completed,UPI,380025,52335,25400,56207.971662051415,401552.03
B000758,C0094,D017,H026,T009,2026-02-23,2026-04-29,3,2,Mobile App,Completed,UPI,22728,65442,19779,19144.423793337137,88804.58
B000759,C0085,D020,H026,T004,2026-01-11,2026-01-21,2,1,Mobile App,Confirmed,UPI,7576,26968,6736,483.30860345654975,40796.69
B000760,C0086,D003,H012,T006,2026-04-10,2026-06-27,2,1,Corporate,Cancelled,Wallet,25036,32018,19322,12795.72208181819,63580.28
B000761,C0033,D015,H010,T002,2025-07-21,2025-07-24,3,8,Corporate,Confirmed,UPI,343344,27423,15114,52314.99575248333,333566.0
B000762,C0033,D005,H016,T007,2025-10-03,2025-12-23,2,4,Website,Confirmed,NetBanking,26640,44858,11620,5984.376223306958,77133.62
B000763,C0086,D004,H028,T003,2025-08-23,2025-10-21,1,4,Mobile App,Completed,NetBanking,61056,8144,9868,4053.837590135243,75014.16
B000764,C0055,D016,H030,T007,2026-05-11,2026-06-11,5,6,Corporate,Confirmed,NetBanking,128490,81795,15595,4734.7113330492475,221145.29
B000765,C0071,D002,H007,T009,2025-06-16,2025-06-18,3,4,Corporate,Confirmed,NetBanking,112872,98892,17100,43075.5997798677,185788.4
B000766,C0049,D017,H006,T009,2025-11-16,2026-01-10,2,6,Website,Completed,Card,122460,53760,23848,5678.414137786729,194389.59
B000767,C0045,D016,H022,T010,2025-03-07,2025-03-16,4,1,Corporate,Confirmed,Wallet,67904,61520,20384,7773.193632154462,142034.81
B000768,C0064,D020,H010,T002,2026-04-09,2026-06-03,4,2,Mobile App,Confirmed,UPI,114448,135832,7316,35605.28900567543,221990.71
B000769,C0082,D014,H006,T002,2025-07-29,2025-10-07,1,9,Agent,Completed,UPI,91845,1967,3770,13859.619038758186,83722.38
B000770,C0034,D018,H001,T010,2025-07-05,2025-07-30,1,5,Website,Confirmed,Wallet,77495,33655,11492,3943.3990939742657,118698.6
B000771,C0081,D003,H013,T004,2025-11-14,2025-12-07,1,2,Agent,Completed,UPI,16890,13296,9230,6417.958766547596,32998.04
B000772,C0025,D018,H012,T001,2025-09-29,2025-10-20,4,4,Agent,Completed,UPI,200288,115976,39216,36279.383689362665,319200.62
B000773,C0041,D004,H017,T003,2026-04-08,2026-04-29,4,4,Agent,Confirmed,UPI,219728,132964,13664,62167.43895350777,304188.56
B000774,C0092,D007,H007,T009,2025-10-17,2025-10-29,4,3,Corporate,Confirmed,UPI,112872,86632,40588,4191.304763855332,235900.7
B000775,C0096,D003,H022,T004,2025-10-09,2025-11-01,4,3,Corporate,Confirmed,UPI,203712,87804,20092,2669.2340715172904,308938.77
B000776,C0093,D009,H021,T001,2025-02-27,2025-04-28,3,7,Corporate,Completed,NetBanking,39585,79806,28923,18894.918288190598,129419.08
B000777,C0032,D015,H014,T008,2025-01-12,2025-02-09,3,1,Agent,Confirmed,NetBanking,23559,28593,31890,2521.6599913406453,81520.34
B000778,C0085,D006,H006,T002,2025-08-06,2025-10-15,4,3,Corporate,Cancelled,UPI,122460,29856,11572,17206.569841427812,146681.43
B000779,C0094,D017,H016,T004,2026-06-29,2026-09-11,2,5,Agent,Confirmed,Wallet,33300,26024,22584,231.1240510951081,81676.88
B000780,C0098,D013,H021,T001,2026-05-15,2026-07-22,5,5,Agent,Completed,UPI,47125,87735,38870,27099.422087007766,146630.58
B000781,C0003,D013,H012,T007,2025-12-09,2026-01-27,5,8,Agent,Confirmed,NetBanking,500720,131930,44525,121827.86859812537,555347.13
B000782,C0075,D019,H008,T005,2025-12-10,2026-01-08,5,9,Corporate,Confirmed,Wallet,311310,50595,46010,68438.57236933251,339476.43
B000783,C0100,D009,H016,T009,2025-08-02,2025-10-24,5,3,Website,Confirmed,NetBanking,49950,102100,12185,31479.01485355179,132755.99
B000784,C0077,D007,H011,T004,2025-04-07,2025-04-27,2,5,Agent,Completed,Card,72360,3234,18150,16931.961684946717,76812.04
B000785,C0024,D020,H013,T003,2025-01-05,2025-02-16,1,1,Mobile App,Cancelled,UPI,8445,2535,2948,1236.8565917496414,12691.14
B000786,C0077,D012,H011,T002,2025-07-04,2025-08-14,3,6,Corporate,Confirmed,UPI,130248,101655,10869,19341.558252056195,223430.44
B000787,C0011,D013,H010,T003,2025-06-22,2025-08-28,4,2,Website,Confirmed,Wallet,114448,119936,7360,43329.404926022544,198414.6
B000788,C0049,D006,H022,T005,2025-04-15,2025-06-04,4,1,Agent,Confirmed,Card,67904,121752,10328,37074.58561014394,162909.41
B000789,C0063,D005,H014,T001,2025-05-22,2025-08-02,2,7,Website,Confirmed,UPI,109942,25024,23514,30835.008217888502,127644.99
B000790,C0046,D004,H014,T005,2025-01-14,2025-04-06,2,2,Corporate,Completed,NetBanking,31412,37416,8546,11889.555545745094,65484.44
B000791,C0070,D005,H020,T009,2025-11-28,2026-01-03,3,5,Corporate,Completed,NetBanking,90765,72306,14850,7187.6109224000675,170733.39
B000792,C0025,D004,H011,T008,2026-05-21,2026-08-07,5,1,Website,Completed,UPI,36180,50070,30090,21987.19283902429,94352.81
B000793,C0061,D015,H004,T007,2026-01-12,2026-01-28,1,7,Corporate,Confirmed,UPI,113911,26438,8698,28233.718840911417,120813.28
B000794,C0065,D002,H026,T009,2025-09-02,2025-11-23,2,7,Mobile App,Confirmed,UPI,53032,49428,14196,15541.644077726321,101114.36
B000795,C0064,D013,H002,T008,2025-08-18,2025-09-04,2,6,Corporate,Completed,UPI,194760,30286,13330,40871.00815426496,197504.99
B000796,C0029,D019,H018,T007,2025-06-17,2025-09-01,5,8,Agent,Confirmed,NetBanking,555880,80325,50620,77085.9990931863,609739.0
B000797,C0031,D016,H008,T009,2025-03-19,2025-04-24,3,4,Website,Completed,UPI,83016,35388,18609,25871.533034339274,111141.47
B000798,C0026,D009,H007,T002,2025-11-23,2026-02-17,1,2,Website,Confirmed,NetBanking,18812,28412,9343,1062.7400292049647,55504.26
B000799,C0047,D002,H002,T009,2025-11-05,2025-11-18,2,2,Mobile App,Confirmed,UPI,64920,69122,21950,26954.284988410473,129037.72
B000800,C0059,D017,H028,T003,2025-01-04,2025-02-15,1,2,Website,Completed,Wallet,30528,34983,8275,819.0781544268729,72966.92
B000801,C0037,D001,H013,T008,2025-08-15,2025-11-04,3,2,Website,Confirmed,NetBanking,50670,82023,2718,9183.765009578876,126227.23
B000802,C0041,D014,H011,T010,2025-06-01,2025-06-07,5,3,Corporate,Cancelled,Card,108540,65970,17650,5200.8350969897465,186959.16
B000803,C0029,D014,H023,T005,2025-04-03,2025-04-28,3,2,Corporate,Confirmed,Card,102918,82998,22812,20001.78191591975,188726.22
B000804,C0022,D004,H002,T001,2026-01-19,2026-01-28,5,6,Mobile App,Confirmed,UPI,486900,48435,30035,26261.00206884055,539109.0
B000805,C0066,D015,H017,T004,2025-10-14,2025-11-13,4,2,Website,Confirmed,UPI,109864,126140,15096,47813.07489015334,203286.93
B000806,C0082,D004,H015,T005,2025-12-12,2026-01-17,5,6,Website,Confirmed,NetBanking,484710,52285,21785,62507.51496377044,496272.49
B000807,C0030,D005,H017,T010,2026-01-24,2026-03-21,2,4,Corporate,Confirmed,UPI,109864,29992,2802,25613.694275923357,117044.31
B000808,C0087,D017,H004,T010,2026-06-20,2026-07-14,5,7,Mobile App,Confirmed,NetBanking,569555,23135,16005,33850.559963818065,574844.44
B000809,C0058,D020,H029,T006,2026-03-14,2026-03-29,2,5,Website,Completed,Card,162480,8450,19002,986.7939831540378,188945.21
B000810,C0017,D006,H008,T010,2025-12-05,2025-12-21,3,9,Mobile App,Completed,UPI,186786,44100,1851,36104.72371847698,196632.28
B000811,C0037,D019,H021,T005,2026-04-25,2026-07-18,4,4,Mobile App,Confirmed,NetBanking,30160,79724,40492,21124.14859918905,129251.85
B000812,C0001,D019,H023,T005,2025-09-18,2025-12-12,2,3,Agent,Confirmed,NetBanking,102918,4166,8806,12643.40536343646,103246.59
B000813,C0004,D016,H011,T009,2026-06-21,2026-07-12,2,6,Mobile App,Confirmed,NetBanking,86832,59692,19580,27086.337755788227,139017.66
B000814,C0034,D003,H004,T007,2026-02-19,2026-03-10,1,6,Corporate,Completed,UPI,97638,5332,3445,17879.515703070207,88535.48
B000815,C0046,D006,H009,T006,2025-12-21,2025-12-27,1,4,Agent,Completed,NetBanking,8632,34946,10030,6303.264107247653,47304.74
B000816,C0080,D014,H025,T005,2026-05-08,2026-08-02,3,6,Corporate,Confirmed,Wallet,41688,31803,21228,18298.342903322613,76420.66
B000817,C0014,D020,H028,T008,2025-10-08,2025-12-11,5,5,Mobile App,Confirmed,Card,381600,70980,51455,72552.00230345991,431483.0
B000818,C0084,D017,H029,T008,2026-01-28,2026-04-06,2,3,Agent,Confirmed,Wallet,97488,13710,2432,15382.669798671903,98247.33
B000819,C0024,D009,H007,T005,2025-06-05,2025-07-02,3,3,Mobile App,Confirmed,NetBanking,84654,87354,29010,14530.457179310757,186487.54
B000820,C0014,D005,H019,T001,2026-06-09,2026-08-06,5,9,Agent,Confirmed,Card,357975,130135,18050,228.64042883597602,505931.36
B000821,C0070,D020,H005,T002,2025-12-06,2025-12-13,4,7,Agent,Cancelled,Wallet,102984,16524,18504,6650.596061896659,131361.4
B000822,C0078,D006,H022,T002,2026-03-03,2026-05-03,1,1,Mobile App,Confirmed,Wallet,16976,5037,1014,3518.1595020840964,19508.84
B000823,C0061,D007,H013,T005,2025-09-09,2025-11-01,3,9,Corporate,Confirmed,UPI,228015,65715,34413,46587.85660895553,281555.14
B000824,C0012,D020,H022,T007,2026-04-18,2026-05-19,1,7,Corporate,Confirmed,Wallet,118832,30510,7876,10408.52791317955,146809.47
B000825,C0012,D012,H021,T009,2025-02-10,2025-04-15,2,1,Corporate,Completed,UPI,3770,10356,23560,4715.143995691121,32970.86
B000826,C0040,D006,H030,T003,2025-03-04,2025-05-01,2,7,Website,Confirmed,UPI,59962,17814,14068,3587.1966529461624,88256.8
B000827,C0046,D001,H015,T008,2025-10-04,2025-11-13,4,6,Agent,Confirmed,UPI,387768,79076,9276,25103.68593967545,451016.31
B000828,C0100,D009,H011,T007,2026-02-04,2026-02-22,1,9,Website,Confirmed,Card,65124,5137,4381,14143.28698901403,60498.71
B000829,C0029,D020,H016,T001,2026-03-18,2026-03-22,2,5,Website,Completed,Wallet,33300,23404,11116,5604.381291298404,62215.62
B000830,C0020,D009,H005,T004,2025-08-28,2025-11-20,2,5,Corporate,Confirmed,NetBanking,36780,3676,4388,2197.2447357475667,42646.76
B000831,C0095,D014,H004,T004,2025-12-21,2026-01-16,2,3,Website,Completed,NetBanking,97638,36442,22424,15246.877812657904,141257.12
B000832,C0016,D006,H016,T009,2025-10-29,2025-11-26,4,3,Corporate,Confirmed,UPI,39960,101836,46064,14540.960635370924,173319.04
B000833,C0003,D016,H025,T010,2026-06-09,2026-08-09,2,6,Mobile App,Confirmed,NetBanking,27792,30602,13960,10556.86879367144,61797.13
B000834,C0043,D016,H016,T009,2025-12-23,2026-01-16,2,8,Mobile App,Cancelled,Card,53280,20192,14440,16916.31023076527,70995.69
B000835,C0041,D013,H024,T006,2025-08-16,2025-09-20,3,9,Website,Completed,Card,153981,47148,25770,26852.925974405167,200046.07
B000836,C0062,D016,H006,T005,2026-06-13,2026-08-16,4,7,Agent,Confirmed,Card,285740,74272,33236,46493.48979371359,346754.51
B000837,C0088,D012,H014,T004,2025-02-28,2025-04-23,1,6,Agent,Completed,UPI,47118,7051,1220,4041.5565201670006,51347.44
B000838,C0094,D008,H019,T008,2026-06-21,2026-08-19,5,5,Mobile App,Confirmed,Wallet,198875,26195,33050,29148.50723229265,228971.49
B000839,C0029,D015,H011,T001,2025-03-25,2025-03-27,5,4,Corporate,Confirmed,NetBanking,144720,37950,47180,14679.547987816743,215170.45
B000840,C0099,D017,H001,T003,2025-06-07,2025-07-18,4,7,Mobile App,Completed,Card,433972,138028,39100,133.4733224544305,610966.53
B000841,C0064,D017,H003,T002,2026-03-24,2026-05-06,3,3,Agent,Completed,UPI,48771,77154,22062,25634.194867153674,122352.81
B000842,C0007,D005,H028,T005,2026-02-04,2026-04-02,4,3,Mobile App,Confirmed,Wallet,183168,22800,43232,21403.493222401787,227796.51
B000843,C0094,D014,H019,T003,2026-06-13,2026-06-28,3,8,Agent,Completed,Card,190920,34785,21723,24351.293935988062,223076.71
B000844,C0014,D001,H008,T002,2026-02-13,2026-03-01,2,6,Website,Confirmed,Card,83016,30598,9802,2061.069795641271,121354.93
B000845,C0059,D012,H008,T004,2025-12-14,2026-02-21,2,4,Mobile App,Confirmed,NetBanking,55344,15140,11180,13672.358593347586,67991.64
B000846,C0080,D012,H002,T009,2025-07-08,2025-09-07,1,8,Agent,Cancelled,UPI,129840,30030,8435,5733.71612598007,162571.28
B000847,C0025,D008,H029,T006,2025-01-03,2025-03-17,5,9,Agent,Confirmed,NetBanking,731160,165045,53470,77991.32979369904,871683.67
B000848,C0028,D020,H004,T009,2025-03-09,2025-04-03,2,3,Mobile App,Completed,Wallet,97638,19406,6286,20725.9899838777,102604.01
B000849,C0048,D018,H023,T010,2025-06-12,2025-09-09,2,5,Agent,Completed,Card,171530,4108,7750,16790.379567975382,166597.62
B000850,C0089,D001,H008,T010,2025-01-23,2025-02-18,5,5,Agent,Completed,UPI,172950,52215,39980,49378.07719745111,215766.92
B000851,C0023,D005,H011,T004,2025-10-04,2025-12-02,3,7,Mobile App,Confirmed,UPI,151956,63042,27843,10166.018951396742,232674.98
B000852,C0067,D005,H009,T009,2026-02-28,2026-03-16,4,9,Website,Cancelled,UPI,77688,114336,20360,30380.801871422835,182003.2
B000853,C0046,D018,H025,T010,2026-06-09,2026-08-30,2,5,Agent,Completed,NetBanking,23160,25748,15792,12655.300894888755,52044.7
B000854,C0012,D011,H001,T010,2025-09-24,2025-10-25,2,8,Corporate,Completed,Card,247984,21312,1154,29728.601637246615,240721.4
B000855,C0072,D015,H011,T004,2026-04-22,2026-07-03,4,6,Corporate,Confirmed,UPI,173664,39344,15420,31622.836719890005,196805.16
B000856,C0084,D017,H009,T003,2026-06-22,2026-07-23,3,8,Agent,Confirmed,NetBanking,51792,4788,34464,7160.185599342843,83883.81
B000857,C0058,D016,H009,T006,2026-04-14,2026-06-24,1,4,Corporate,Confirmed,UPI,8632,1969,7129,2664.242206666513,15065.76
B000858,C0018,D002,H006,T010,2025-09-11,2025-10-22,5,4,Corporate,Confirmed,Card,204100,79175,52435,61023.62190311622,274686.38
B000859,C0016,D003,H028,T010,2025-06-27,2025-07-04,3,4,Agent,Confirmed,Wallet,183168,66564,9006,36381.438261503965,222356.56
B000860,C0043,D008,H012,T006,2026-06-17,2026-07-05,4,9,Website,Completed,UPI,450648,7676,15376,88669.88611623397,385030.11
B000861,C0051,D007,H013,T002,2025-05-12,2025-07-13,2,6,Agent,Completed,UPI,101340,16418,23422,16621.196281654855,124558.8
B000862,C0056,D015,H012,T005,2025-08-13,2025-08-31,3,2,Agent,Confirmed,Card,75108,95934,35922,23889.33464509862,183074.67
B000863,C0025,D004,H030,T008,2025-02-10,2025-03-08,4,1,Mobile App,Confirmed,NetBanking,17132,138668,42332,12071.286732168634,186060.71
B000864,C0051,D008,H011,T006,2026-03-09,2026-04-27,5,5,Corporate,Completed,UPI,180900,115000,20730,44937.87050543791,271692.13
B000865,C0030,D005,H011,T004,2025-12-21,2026-01-14,2,8,Corporate,Confirmed,Wallet,115776,37952,19432,30543.779733459174,142616.22
B000866,C0069,D004,H010,T004,2025-02-16,2025-03-01,4,5,Mobile App,Completed,UPI,286120,84120,23104,50844.92193009167,342499.08
B000867,C0080,D004,H010,T001,2025-05-01,2025-06-26,5,6,Mobile App,Confirmed,Wallet,429180,69555,51025,25623.128383255393,524136.87
B000868,C0066,D004,H003,T003,2025-10-30,2025-12-31,4,8,Website,Confirmed,NetBanking,173408,33012,41156,26941.671637267256,220634.33
B000869,C0001,D012,H019,T007,2025-10-22,2025-12-27,1,5,Website,Confirmed,UPI,39775,14094,5500,8975.849701397712,50393.15
B000870,C0100,D009,H001,T003,2026-03-14,2026-06-07,1,9,Mobile App,Cancelled,UPI,139491,24948,4002,31645.459224096274,136795.54
B000871,C0003,D009,H007,T010,2025-05-26,2025-06-07,2,6,Mobile App,Confirmed,UPI,112872,47396,23420,5752.963028866304,177935.04
B000872,C0100,D010,H007,T001,2026-05-19,2026-06-27,1,7,Mobile App,Completed,Card,65842,24188,5681,2440.5748147000963,93270.43
B000873,C0004,D015,H009,T006,2025-08-31,2025-09-22,4,8,Website,Confirmed,Card,69056,87568,21856,14740.432255193811,163739.57
B000874,C0052,D018,H023,T005,2026-03-25,2026-06-14,5,6,Mobile App,Confirmed,NetBanking,514590,17625,40770,14394.663186906819,558590.34
B000875,C0011,D011,H018,T009,2025-05-10,2025-06-28,3,1,Agent,Completed,Card,41691,67458,33813,28032.81563791135,114929.18
B000876,C0010,D013,H030,T009,2025-01-21,2025-01-31,3,4,Mobile App,Confirmed,NetBanking,51396,93024,6000,12764.77258532851,137655.23
B000877,C0069,D015,H011,T006,2025-01-31,2025-04-03,4,2,Agent,Confirmed,Card,57888,92948,47284,21143.783207546665,176976.22
B000878,C0073,D014,H028,T007,2025-07-23,2025-07-28,3,5,Mobile App,Confirmed,Card,228960,62730,16071,13977.752531688917,293783.25
B000879,C0012,D003,H002,T007,2026-06-04,2026-06-30,3,2,Agent,Completed,Card,97380,27006,2382,11386.96408570589,115381.04
B000880,C0098,D020,H016,T006,2025-01-27,2025-04-02,3,5,Agent,Confirmed,Card,49950,84141,12174,28805.251676495267,117459.75
B000881,C0033,D004,H024,T002,2025-07-21,2025-09-05,2,4,Corporate,Confirmed,Wallet,45624,33254,11636,8846.605763765976,81667.39
B000882,C0032,D009,H016,T005,2025-03-01,2025-05-08,1,1,Website,Cancelled,UPI,3330,10307,8282,38.68232594170665,21880.32
B000883,C0030,D014,H028,T003,2026-05-23,2026-07-14,3,2,Corporate,Completed,Card,91584,53727,21039,8068.890931438479,158281.11
B000884,C0047,D009,H010,T005,2026-01-04,2026-03-21,5,5,Mobile App,Completed,Wallet,357650,27940,10315,77475.03193211844,318429.97
B000885,C0018,D005,H001,T007,2026-02-20,2026-04-12,1,1,Website,Completed,NetBanking,15499,32534,6114,10711.007729730187,43435.99
B000886,C0043,D019,H024,T003,2026-01-24,2026-01-30,2,8,Agent,Completed,UPI,91248,50064,6352,6216.45032160983,141447.55
B000887,C0021,D002,H003,T003,2025-12-25,2026-01-02,2,7,Website,Confirmed,Wallet,75866,24878,7198,13282.567234008246,94659.43
B000888,C0006,D005,H023,T009,2026-02-26,2026-05-07,5,7,Website,Confirmed,UPI,600355,140475,43400,12062.764006452237,772167.24
B000889,C0037,D020,H023,T004,2025-01-05,2025-01-10,3,2,Corporate,Completed,UPI,102918,9942,29211,16407.542316750183,125663.46
B000890,C0068,D015,H026,T002,2026-04-17,2026-05-22,3,8,Website,Completed,Card,90912,43296,6888,3553.3814593860748,137542.62
B000891,C0077,D002,H015,T008,2026-02-08,2026-02-11,4,6,Agent,Cancelled,NetBanking,387768,93284,29708,83627.9119631448,427132.09
B000892,C0036,D016,H027,T008,2026-02-07,2026-03-07,2,4,Website,Completed,UPI,23160,4586,10706,7225.707484656301,31226.29
B000893,C0033,D020,H006,T009,2025-08-03,2025-09-26,4,1,Website,Confirmed,Wallet,40820,100968,17484,5510.39097833144,153761.61
B000894,C0079,D002,H014,T008,2026-03-13,2026-03-30,1,5,Website,Confirmed,UPI,39265,28911,8698,7114.107049711701,69759.89
B000895,C0069,D009,H004,T010,2025-07-28,2025-09-09,1,8,Website,Completed,Wallet,130184,21403,3361,3162.271705529523,151785.73
B000896,C0084,D010,H024,T006,2025-01-27,2025-04-26,5,1,Mobile App,Confirmed,UPI,28515,42020,46510,7938.928425571271,109106.07
B000897,C0091,D003,H022,T003,2026-05-10,2026-05-18,4,1,Mobile App,Completed,Card,67904,106376,20432,2535.0628049863267,192176.94
B000898,C0083,D005,H025,T009,2025-05-08,2025-05-15,1,4,Website,Completed,NetBanking,9264,12857,1591,1254.5854544698461,22457.41
B000899,C0094,D004,H023,T003,2025-02-25,2025-03-22,3,5,Mobile App,Confirmed,Card,257295,78456,28830,72203.34695421693,292377.65
B000900,C0042,D004,H010,T003,2025-12-05,2026-02-17,1,5,Mobile App,Completed,NetBanking,71530,22545,10297,931.0664433738708,103440.93
B000901,C0040,D009,H003,T009,2025-05-08,2025-06-14,4,4,Agent,Completed,NetBanking,86704,18516,27900,22869.17280776749,110250.83
B000902,C0033,D010,H028,T009,2026-04-13,2026-06-10,4,3,Corporate,Completed,NetBanking,183168,19392,35300,3684.5740289182763,234175.43
B000903,C0024,D005,H015,T004,2025-08-30,2025-09-03,2,1,Agent,Confirmed,Card,32314,4014,4392,4308.151007019781,36411.85
B000904,C0075,D006,H003,T008,2025-01-03,2025-03-10,2,1,Corporate,Completed,Wallet,10838,7822,8802,2483.2227479279536,24978.78
B000905,C0072,D004,H028,T010,2026-06-03,2026-06-10,2,1,Website,Confirmed,NetBanking,30528,23076,9046,11672.37989005868,50977.62
B000906,C0081,D016,H030,T008,2025-10-08,2025-12-11,2,7,Website,Confirmed,Card,59962,4722,18566,3314.180207046742,79935.82
B000907,C0017,D005,H014,T001,2025-05-24,2025-06-08,2,8,Corporate,Confirmed,NetBanking,125648,65876,9096,7209.561185092481,193410.44
B000908,C0050,D019,H024,T007,2026-01-05,2026-03-23,2,4,Mobile App,Completed,Wallet,45624,64414,17750,19135.33518998123,108652.66
B000909,C0023,D011,H002,T002,2025-10-17,2025-11-14,3,1,Corporate,Completed,Wallet,48690,21846,12084,11991.78857351025,70628.21
B000910,C0090,D017,H003,T009,2025-01-17,2025-02-04,5,4,Mobile App,Confirmed,NetBanking,108380,59655,37050,28678.338680303124,176406.66
B000911,C0027,D013,H009,T001,2026-02-19,2026-03-22,4,9,Website,Completed,Wallet,77688,105452,11648,1017.8497409971395,193770.15
B000912,C0015,D006,H020,T010,2025-08-07,2025-08-09,2,3,Corporate,Confirmed,Wallet,36306,47264,13844,5064.7425845240505,92349.26
B000913,C0057,D013,H005,T002,2026-01-17,2026-02-02,5,5,Agent,Completed,Card,91950,104920,7145,34270.24294198898,169744.76
B000914,C0088,D006,H002,T005,2026-05-04,2026-06-27,2,5,Corporate,Confirmed,NetBanking,162300,69278,17898,29979.93614170996,219496.06
B000915,C0092,D003,H021,T003,2025-11-29,2025-12-27,5,3,Mobile App,Completed,UPI,28275,112990,4170,17516.043659336967,127918.96
B000916,C0010,D006,H024,T009,2026-01-02,2026-02-04,2,4,Website,Confirmed,Card,45624,47852,23982,6951.5545275276745,110506.45
B000917,C0033,D006,H023,T004,2025-05-19,2025-07-31,3,5,Agent,Completed,Wallet,257295,54960,30444,17832.211455075496,324866.79
B000918,C0016,D003,H024,T008,2025-05-10,2025-05-22,2,5,Website,Confirmed,Card,57030,38180,14306,20732.581023241437,88783.42
B000919,C0031,D001,H025,T001,2025-08-15,2025-09-20,4,7,Agent,Completed,Wallet,64848,44996,43840,22368.868455055414,131315.13
B000920,C0054,D019,H019,T005,2026-04-10,2026-04-28,2,6,Mobile App,Completed,Card,95460,37900,19600,3881.0882757938143,149078.91
B000921,C0029,D011,H016,T010,2025-10-13,2025-11-26,5,1,Corporate,Confirmed,UPI,16650,161290,10705,35378.74522014207,153266.25
B000922,C0007,D009,H026,T010,2025-07-09,2025-08-09,1,1,Corporate,Confirmed,UPI,3788,14126,9059,3141.654020997679,23831.35
B000923,C0052,D019,H011,T003,2026-03-01,2026-03-07,3,4,Mobile App,Completed,NetBanking,86832,17886,14514,7949.492347405505,111282.51
B000924,C0006,D005,H003,T004,2026-04-11,2026-04-19,1,9,Corporate,Completed,Card,48771,21592,10341,6410.148376446638,74293.85
B000925,C0023,D009,H023,T005,2026-05-07,2026-07-23,5,1,Website,Confirmed,NetBanking,85765,139020,52165,40180.155828431525,236769.84
B000926,C0001,D017,H009,T006,2025-06-12,2025-06-19,3,1,Website,Confirmed,UPI,6474,100857,34431,10668.232729664518,131093.77
B000927,C0009,D013,H030,T006,2026-01-22,2026-04-02,4,7,Corporate,Confirmed,Card,119924,78648,22744,25617.09679234673,195698.9
B000928,C0044,D008,H013,T002,2025-11-18,2026-02-08,5,5,Agent,Completed,UPI,211125,139495,13600,51755.625333856406,312464.37
B000929,C0086,D006,H026,T008,2025-09-02,2025-10-14,3,3,Mobile App,Completed,Card,34092,29670,5814,2718.682162511958,66857.32
B000930,C0078,D001,H002,T003,2025-08-05,2025-09-03,1,2,Website,Confirmed,Wallet,32460,15711,2402,9550.62493674889,41022.38
B000931,C0010,D002,H020,T004,2025-03-04,2025-05-13,2,6,Mobile App,Completed,UPI,72612,31074,23810,9082.120733385802,118413.88
B000932,C0004,D004,H014,T009,2025-05-30,2025-08-26,2,5,Agent,Completed,NetBanking,78530,25272,14486,9921.400253022808,108366.6
B000933,C0034,D016,H014,T007,2025-10-27,2025-11-08,5,6,Corporate,Completed,UPI,235590,127455,22725,53893.17753847383,331876.82
B000934,C0066,D013,H008,T004,2026-04-29,2026-07-24,5,3,Corporate,Confirmed,NetBanking,103770,155490,28330,35016.10077140542,252573.9
B000935,C0075,D009,H030,T010,2026-04-18,2026-07-12,3,5,Mobile App,Confirmed,Wallet,64245,37320,7464,9597.165140328356,99431.83
B000936,C0083,D016,H012,T004,2025-04-13,2025-04-27,5,8,Mobile App,Confirmed,Card,500720,30240,35315,73586.53477426613,492688.47
B000937,C0035,D004,H026,T006,2026-01-06,2026-01-12,2,3,Website,Confirmed,UPI,22728,58302,10790,16579.53904025303,75240.46
B000938,C0017,D005,H013,T003,2025-02-16,2025-04-21,4,4,Website,Confirmed,NetBanking,135120,119844,38708,47004.178053498676,246667.82
B000939,C0003,D008,H002,T002,2026-01-03,2026-01-11,2,2,Mobile App,Confirmed,Card,64920,65638,1486,21767.691342093625,110276.31
B000940,C0015,D019,H027,T005,2025-07-06,2025-08-29,2,6,Agent,Confirmed,Wallet,34740,20090,22428,3992.823365818693,73265.18
B000941,C0007,D013,H006,T006,2025-09-03,2025-09-10,2,1,Website,Completed,Wallet,20410,51174,2394,6205.324194868127,67772.68
B000942,C0087,D018,H009,T009,2026-01-27,2026-03-30,3,3,Mobile App,Confirmed,NetBanking,19422,76419,15900,12376.860941513247,99364.14
B000943,C0027,D005,H026,T004,2025-08-20,2025-09-11,2,7,Agent,Completed,NetBanking,53032,55930,8834,1041.1003467892087,116754.9
B000944,C0083,D017,H027,T009,2026-03-17,2026-03-27,2,1,Corporate,Confirmed,NetBanking,5790,57016,17512,12365.633668709192,67952.37
B000945,C0056,D002,H028,T007,2025-10-18,2025-10-25,2,9,Corporate,Completed,NetBanking,274752,66818,16138,23141.090924134525,334566.91
B000946,C0054,D005,H013,T001,2026-06-29,2026-07-17,1,4,Mobile App,Confirmed,Card,33780,17479,2763,3053.281065586335,50968.72
B000947,C0046,D011,H023,T008,2025-12-14,2026-02-01,5,4,Mobile App,Completed,Wallet,343060,20215,30715,20431.691753245625,373558.31
B000948,C0082,D002,H010,T006,2025-06-11,2025-06-19,2,5,Corporate,Completed,Card,143060,15882,13294,9761.622231778043,162474.38
B000949,C0005,D018,H023,T004,2026-02-27,2026-05-10,1,6,Agent,Confirmed,UPI,102918,31201,5834,9461.23796099702,130491.76
B000950,C0010,D018,H016,T005,2025-08-11,2025-10-05,3,5,Mobile App,Completed,NetBanking,49950,89397,2250,17128.268589981984,124468.73
B000951,C0043,D011,H002,T004,2025-10-19,2025-11-16,5,8,Agent,Confirmed,NetBanking,649200,9350,12740,78348.31298765869,592941.69
B000952,C0040,D007,H013,T007,2025-03-16,2025-06-12,2,9,Website,Completed,Wallet,152010,27622,12586,9830.480370769055,182387.52
B000953,C0055,D002,H015,T006,2025-03-07,2025-05-05,5,2,Mobile App,Confirmed,Card,161570,48565,17475,9396.845918165553,218213.15
B000954,C0074,D013,H008,T005,2025-11-10,2026-01-10,4,7,Mobile App,Confirmed,Card,193704,48968,27084,44583.015984177786,225172.98
B000955,C0059,D011,H012,T003,2025-04-12,2025-04-29,4,3,Corporate,Confirmed,NetBanking,150216,91596,9528,4661.016738315593,246678.98
B000956,C0026,D016,H016,T004,2026-06-28,2026-08-31,2,9,Website,Completed,Card,59940,37170,17914,11797.386897259097,103226.61
B000957,C0033,D013,H002,T005,2026-04-12,2026-06-02,1,3,Corporate,Confirmed,Wallet,48690,17610,2667,7180.304362042361,61786.7
B000958,C0076,D003,H005,T005,2026-01-17,2026-04-15,2,3,Mobile App,Completed,Card,22068,32150,15938,8055.828363735225,62100.17
B000959,C0021,D003,H024,T004,2026-02-05,2026-03-21,5,7,Website,Confirmed,Wallet,199605,114970,50605,64684.341865393566,300495.66
B000960,C0051,D016,H011,T006,2025-11-21,2026-01-21,4,8,Agent,Confirmed,Card,231552,97528,18484,43370.00493501957,304194.0
B000961,C0054,D004,H019,T003,2025-02-02,2025-03-06,4,2,Agent,Confirmed,UPI,63640,11824,8416,16333.68006257684,67546.32
B000962,C0076,D019,H017,T006,2025-08-02,2025-08-07,5,6,Website,Completed,Wallet,411990,30480,2825,77601.83424995434,367693.17
B000963,C0072,D003,H017,T002,2025-09-28,2025-10-11,2,4,Website,Completed,NetBanking,109864,25858,9292,6228.068797855699,138785.93
B000964,C0047,D015,H013,T005,2026-05-14,2026-07-31,2,6,Website,Confirmed,NetBanking,101340,32190,3656,6617.394719313633,130568.61
B000965,C0031,D020,H015,T008,2025-04-30,2025-07-05,5,6,Mobile App,Completed,NetBanking,484710,174365,53205,49115.14430593155,663164.86
B000966,C0037,D009,H025,T009,2025-09-28,2025-11-01,3,9,Website,Confirmed,Card,62532,94116,35070,15012.072126066523,176705.93
B000967,C0042,D002,H029,T007,2025-07-07,2025-09-08,2,9,Agent,Confirmed,Wallet,292464,46466,23554,40090.376637922935,322393.62
B000968,C0022,D018,H008,T008,2025-03-15,2025-03-17,2,6,Website,Confirmed,Card,83016,5416,22212,5145.225550836503,105498.77
B000969,C0063,D004,H021,T001,2025-02-26,2025-03-03,5,7,Corporate,Confirmed,Wallet,65975,24365,36235,5628.668259894978,120946.33
B000970,C0021,D011,H030,T004,2025-07-19,2025-09-03,1,9,Corporate,Confirmed,Card,38547,16820,4238,4546.549681784876,55058.45
B000971,C0065,D020,H001,T007,2025-02-14,2025-04-11,1,2,Agent,Completed,UPI,30998,21166,5635,7768.452784116771,50030.55
B000972,C0076,D015,H024,T009,2025-02-06,2025-05-01,4,7,Corporate,Confirmed,UPI,159684,94508,13904,36896.74487372715,231199.26
B000973,C0097,D001,H015,T006,2025-07-11,2025-09-17,1,7,Corporate,Completed,Wallet,113099,6254,10162,25284.351917263622,104230.65
B000974,C0012,D017,H030,T009,2025-04-21,2025-05-15,1,2,Website,Completed,NetBanking,8566,31238,5518,1834.7744592408915,43487.23
B000975,C0076,D004,H018,T003,2025-10-30,2026-01-11,5,8,Mobile App,Completed,Card,555880,90115,24640,52693.01946112126,617941.98
B000976,C0009,D015,H026,T002,2025-01-10,2025-02-24,3,7,Corporate,Completed,Wallet,79548,64173,25302,32610.53694683076,136412.46
B000977,C0034,D013,H005,T001,2025-06-14,2025-08-27,4,4,Mobile App,Completed,NetBanking,58848,11264,19192,12324.108151000893,76979.89
B000978,C0018,D006,H005,T006,2025-09-05,2025-09-22,3,5,Agent,Confirmed,NetBanking,55170,87360,13809,18519.24645842993,137819.75
B000979,C0017,D009,H028,T007,2026-06-09,2026-06-13,1,5,Corporate,Confirmed,NetBanking,76320,19692,3114,10698.590898241984,88427.41
B000980,C0018,D003,H016,T003,2025-12-12,2025-12-19,1,9,Corporate,Confirmed,UPI,29970,8960,1273,607.1487625235844,39595.85
B000981,C0005,D020,H017,T008,2026-04-25,2026-07-23,4,9,Mobile App,Completed,UPI,494388,48724,3744,97709.3655187667,449146.63
B000982,C0083,D005,H006,T008,2025-07-07,2025-07-16,1,8,Mobile App,Confirmed,NetBanking,81640,13319,5132,12521.488503222708,87569.51
B000983,C0007,D007,H007,T004,2025-09-03,2025-11-26,3,6,Website,Completed,UPI,169308,7218,35835,24279.97248300105,188081.03
B000984,C0040,D011,H025,T003,2025-08-18,2025-10-22,2,1,Mobile App,Completed,NetBanking,4632,66122,6992,8388.798738379995,69357.2
B000985,C0070,D014,H010,T008,2026-04-29,2026-05-13,2,9,Mobile App,Confirmed,UPI,257508,56800,15744,25870.413590949516,304181.59
B000986,C0100,D011,H018,T007,2026-06-07,2026-08-24,5,2,Mobile App,Completed,Card,138970,155900,21180,16097.355140922033,299952.64
B000987,C0086,D011,H010,T002,2026-06-09,2026-06-23,4,2,Mobile App,Confirmed,NetBanking,114448,53384,15924,27758.9893474247,155997.01
B000988,C0014,D012,H008,T003,2026-02-14,2026-02-28,4,1,Corporate,Confirmed,NetBanking,27672,80764,9496,12018.863300933666,105913.14
B000989,C0099,D018,H005,T005,2025-10-02,2025-11-23,2,9,Corporate,Completed,Wallet,66204,33702,13958,772.8981809159562,113091.1
B000990,C0066,D008,H028,T006,2025-10-22,2025-11-18,2,5,Agent,Confirmed,NetBanking,152640,34856,16152,16254.959337920302,187393.04
B000991,C0018,D017,H029,T002,2026-06-19,2026-07-16,4,3,Website,Confirmed,UPI,194976,84916,18108,55344.77683808082,242655.22
B000992,C0045,D016,H004,T010,2025-06-05,2025-06-24,1,1,Mobile App,Confirmed,Wallet,16273,16610,6556,2949.2055225220183,36489.79
B000993,C0092,D020,H011,T004,2025-07-08,2025-09-01,2,4,Agent,Confirmed,UPI,57888,54806,11950,10301.403007975043,114342.6
B000994,C0040,D019,H017,T004,2026-05-04,2026-05-08,4,7,Website,Completed,UPI,384524,13876,14456,51521.21868400196,361334.78
B000995,C0019,D016,H012,T001,2025-07-30,2025-08-22,4,9,Mobile App,Completed,Wallet,450648,31812,33816,82777.0922029697,433498.91
B000996,C0088,D005,H022,T009,2025-05-09,2025-06-28,1,5,Agent,Confirmed,UPI,84880,31394,6869,16463.261483502272,106679.74
B000997,C0096,D016,H008,T003,2025-11-02,2025-12-16,4,6,Corporate,Confirmed,NetBanking,166032,124232,5028,50202.87233255143,245089.13
B000998,C0098,D015,H002,T010,2025-06-27,2025-08-29,3,8,Corporate,Confirmed,Card,389520,86724,18498,11277.207234737833,483464.79
B000999,C0096,D006,H011,T005,2026-05-01,2026-05-22,2,9,Mobile App,Completed,Wallet,130248,27706,9954,31049.29728852554,136858.7
B001000,C0088,D014,H018,T009,2026-05-11,2026-07-09,4,3,Mobile App,Completed,UPI,166764,67136,38612,49265.91472905833,223246.09
